https://www.bbcgoodfood.com/sites/default/files/recipe-collections/collection-image/2013/05/spaghetti-bolognese_2.jpg,,,,
https://www.dinneratthezoo.com/wp-content/uploads/2018/07/penne-alla-vodka-5.jpg,,,,
https://s23209.pcdn.co/wp-content/uploads/2019/05/Instant-Pot-Ground-Beef-and-PastaIMG_9819.jpg,,,,
https://www.budgetbytes.com/wp-content/uploads/2013/07/Creamy-Tomato-and-Spinach-Pasta-skillet-1-500x480.jpg,,,,
https://static01.nyt.com/images/2019/02/07/dining/as-brown-butter-pasta/merlin_150298908_b992b854-cd91-4306-b1ad-5428bfad8614-articleLarge.jpg,,,,
https://feelgoodfoodie.net/wp-content/uploads/2019/07/One-Pan-Pasta-8.jpg,,,,
https://food.fnr.sndimg.com/content/dam/images/food/fullset/2019/1/07/0/JE401_Giadas-Pasta-with-Creamy-White-Beans_s4x3.jpg.rend.hgtvcom.826.620.suffix/1546886427856.jpeg,,,,
https://www.thecookierookie.com/wp-content/uploads/2019/07/classic-italian-pasta-salad-recipe-4-of-6.jpg,,,,
https://www.seriouseats.com/2019/08/20190809-burst-tomato-xo-pasta-vicky-wasik21--1500x1125.jpg,,,,
https://cravinghomecooked.com/wp-content/uploads/2019/05/one-pot-creamy-parmesan-pasta-1-9.jpg,,,,
https://cms.splendidtable.org/sites/default/files/styles/w2000/public/romesco-pasta-salad-basil-parmesan_c_Alex-Lau-LEDE.jpg?itok=EwqugXMF,,,,
https://realhousemoms.com/wp-content/uploads/One-Pot-Alfredo-Pasta-IG.jpg,,,,
https://thestayathomechef.com/wp-content/uploads/2017/12/Pasta-Pomodoro-4-small.jpg,,,,
https://www.pressurecookingtoday.com/wp-content/uploads/2018/12/Pressure-Cooker-Penne-and-Quick-Marinara-Sauce-Pressure-Cooking-Today-720x720.jpg,,,,
http://www.gimmesomeoven.com/wp-content/uploads/2016/08/How-To-Properly-Salt-Pasta-Water.jpg,,,,
https://recipes.timesofindia.com/thumb/52759758.cms?imgsize=560987&width=800&height=800,,,,
https://food.fnr.sndimg.com/content/dam/images/food/fullset/2011/3/1/0/FNM_040111-WN-Dinners-030_s4x3.jpg.rend.hgtvcom.826.620.suffix/1371595164628.jpeg,,,,
https://www.indianhealthyrecipes.com/wp-content/uploads/2019/05/masala-pasta-480x270.jpg,,,,
https://vikalinka.com/wp-content/uploads/2019/05/Prawn-Pasta-10-Edit.jpg,,,,
https://www.thechunkychef.com/wp-content/uploads/2017/08/One-Pot-Chicken-Parmesan-Pasta-feat.jpg,,,,
http://images.kglobalservices.com/www.allbran.ca_en/en_ca/recipe/kicrecipe-13932/recip_img-5570886_vegetarianpasta_2160x2160.jpg,,,,
https://s23209.pcdn.co/wp-content/uploads/2018/09/Creamy-Beef-and-ShellsIMG_6411.jpg,,,,
https://images.ctfassets.net/qu53tdnhexvd/6OG0eE6rRK02WqucK0S8m4/8193ad94b512080195bcae97780df52b/goat-cheese-and-walnut-pasta.jpg?fm=jpg&fl=progressive&q=80&w=1300,,,,
https://www.onceuponachef.com/images/2019/07/Summer_Pasta_Primavera.jpg,,,,
https://www.spendwithpennies.com/wp-content/uploads/2019/08/Shrimp-Garlic-Pasta3-SpendWithPennies.jpg,,,,
https://natashaskitchen.com/wp-content/uploads/2019/02/Chicken-Pesto-Pasta-2.jpg,,,,
https://www.saltandlavender.com/wp-content/uploads/2019/04/garlic-butter-salmon-pasta-1.jpg,,,,
https://img.buzzfeed.com/thumbnailer-prod-us-east-1/8fc00a45259a49d49d9100a34f2087eb/BFV44742_PantryPasta_FB_Final.jpg,,,,
https://rasamalaysia.com/wp-content/uploads/2018/08/one-pan-pasta-thumb-1.jpg,,,,
https://static01.nyt.com/images/2017/04/05/dining/05COOKING-NIGMEATBALLS2/05COOKING-NIGMEATBALLS2-articleLarge.jpg,,,,
https://thebusybaker.ca/wp-content/uploads/2018/08/easy-15-minute-pasta-carbonara-fbig1.jpg,,,,
https://www.laylita.com/recipes/wp-content/uploads/2009/05/Tuna-and-tomato-pasta-1280x720.jpg,,,,
https://www.yellowblissroad.com/wp-content/uploads/2017/04/Creamy-Garlic-Penne-Pasta-with-Chicken-8.jpg,,,,
https://funwithoutfodmaps.com/wp-content/uploads/2017/08/Low-Fodmap-Pasta-Sauce-1.jpg,,,,
https://www.lanascooking.com/wp-content/uploads/2010/06/pasta-with-tomato-basil-sauce-feature.jpg,,,,
https://d3awvtnmmsvyot.cloudfront.net/api/file/mF2OEWEQue2wBk4kjeAj/convert?fit=max&w=1450&quality=60&cache=true&rotate=exif&compress=true,,,,
https://hebbarskitchen.com/wp-content/uploads/mainPhotos/masala-pasta-recipe-indian-style-pasta-indian-pasta-recipes-21-500x500.jpeg,,,,
https://www.seriouseats.com/2019/09/20190717-sea-urchin-pasta-uni-16-1500x1125.jpg,,,,
https://www.the-girl-who-ate-everything.com/wp-content/uploads/2018/08/one-pot-bacon-broccoli-pasta-6.jpg,,,,
https://www.budgetbytes.com/wp-content/uploads/2018/04/The-Best-Weeknight-Pasta-Sauce-plate-H1.jpg,,,,
http://www.slimmingeats.com/blog/wp-content/uploads/2017/09/one-pot-cheeseburger-pasta-5-735x1110.jpg,,,,
https://www.deliciousmagazine.co.uk/wp-content/uploads/2018/10/pasta-768x960.jpg,,,,
https://www.gimmesomeoven.com/wp-content/uploads/2019/05/How-To-Make-Homemade-Pasta-Recipe-1-2.jpg,,,,
https://www.sbs.com.au/food/sites/sbs.com.au.food/files/styles/full/public/og_ep7_spaghetti-with-anchovies-tomatoes-and-white-wine-sauce2.jpg?itok=zB5Qk1oA,,,,
https://media3.s-nbcnews.com/j/newscms/2018_32/1358279/ali-rosen-red-wine-pasta-today-180807-tease_7afdba9881c18f59edd58e3412ac4ca3.today-inline-large.jpg,,,,
https://kirbiecravings.com/wp-content/uploads/2018/09/2-ingredient-keto-pasta-5.jpg,,,,
https://www.ijustmakesandwiches.com/wp-content/uploads/2019/02/how-to-make-homemade-pasta-1-of-1-480x360.jpg,,,,
https://www.sprinklesandsprouts.com/wp-content/uploads/2019/04/Creamy-Four-Cheese-Pasta-SQ.jpg,,,,
https://i0.wp.com/amylecreations.com/wp-content/uploads/2018/11/creamy-spicy-sun-dried-tomato-pasta-in-bowl.jpg?fit=1360%2C2040&ssl=1,,,,
https://shewearsmanyhats.com/wp-content/uploads/2009/08/creamy-pesto-pasta-new1-480x360.jpg,,,,
https://www.dinneratthezoo.com/wp-content/uploads/2018/03/chicken-parmesan-pasta-4.jpg,,,,
https://images.101cookbooks.com/pasta-zucchini-cream-1.jpg?w=620&auto=format,,,,
https://www.happyveggiekitchen.com/wp-content/uploads/2014/11/1-tomato-mascarpone-pasta-047-720x405.jpg,,,,
https://thebusybaker.ca/wp-content/uploads/2017/10/creamy-one-pot-chicken-enchilada-pasta-fbig1.jpg,,,,
https://ohsheglows.com/wp-content/uploads/2017/02/10minuteveganpasta-6481.jpg,,,,
https://joyfoodsunshine.com/wp-content/uploads/2018/08/avocado-pasta-sauce-recipe-8.jpg,,,,
https://ichef.bbci.co.uk/food/ic/food_16x9_832/recipes/quick_vegetable_pasta_93041_16x9.jpg,,,,
https://upload.wikimedia.org/wikipedia/commons/3/3f/%28Pasta%29_by_David_Adam_Kess_%28pic.2%29.jpg,,,,
https://receptfavoriter.se/sites/default/files/styles/recipe_4x3/public/pasta_koktider_for_pasta_koka_pasta_980.jpg,,,,
https://www.inspiredtaste.net/wp-content/uploads/2018/12/Easy-Pasta-Salad-Recipe-2-1200.jpg,,,,
https://www.simplyrecipes.com/wp-content/uploads/2008/03/penne-pasta-meat-sauce-vertical-a-1400.jpg,,,,
https://colavitarecipes.com/wp-content/uploads/2018/04/ScallionPasta02-700x525.jpg,,,,
https://www.kitchentreaty.com/wp-content/uploads/2019/02/vegan-roasted-red-pepper-pasta-5.jpg,,,,
https://www.tarladalal.com/members/9306/big/big_pasta_in_white_sauce-14314.jpg?size=696X905,,,,
https://emilybites.com/wp-content/uploads/2019/08/One-Pot-Creamy-Garlic-Chicken-Pasta-8b-620x892.jpg,,,,
https://www.averiecooks.com/wp-content/uploads/2019/04/beeftacopasta-5.jpg,,,,
https://tastesbetterfromscratch.com/wp-content/uploads/2018/04/Instant-Pot-Ranch-Chicken-Pasta-6.jpg,,,,
https://lilluna.com/wp-content/uploads/2017/10/penne-pasta-resize-3.jpg,,,,
https://healthiersteps.com/wp-content/uploads/2019/02/easy-creamy-vegan-pasta.jpg,,,,
https://www.recipetineats.com/wp-content/uploads/2019/09/Creamy-Mushroom-Pasta_4.jpg,,,,
https://img.buzzfeed.com/thumbnailer-prod-us-east-1/23dc482e025a44a6943765bdfee4c7f2/7_Pasta_Recipes_For_All_Pasta_Lovers.jpg,,,,
https://pinchofyum.com/wp-content/uploads/Pasta-Salad-Serving-Bowl-Square.jpg,,,,
https://assets.bonappetit.com/photos/5cabd1070916ec42af559902/master/pass/white-pesto-pasta-1.jpg,,,,
http://assets.kraftfoods.com/recipe_images/opendeploy/209581-13d8283041aa4c4ae2d28cc7fa3b0456963970fe_642x428.jpg,,,,
https://hips.hearstapps.com/del.h-cdn.co/assets/17/38/1506028948-screen-shot-2017-09-21-at-52207-pm.png,,,,
https://www.simplywhisked.com/wp-content/uploads/2012/09/Shrimp-Scampi-4.jpg,,,,
https://www.thereciperebel.com/wp-content/uploads/2018/12/rigatoni-pasta-bake-www.thereciperebel.com-600-2-of-20.jpg,,,,
https://frommybowl.com/wp-content/uploads/2019/04/Hummus_Pasta_One_Pot_5_Ingredients_FromMyBowl-3.jpg,,,,
https://www.thespruceeats.com/thmb/yDiGh3bVmIBON31--wIcK_sWimE=/6720x4480/filters:fill(auto,1)/easy-vegan-nutritional-yeast-pasta-recipe-3377300-hero-01-dff1e20e71c144e98cc756dcf39b048c.jpg,,,
https://thecozycook.com/wp-content/uploads/2016/02/Chicken-Bacon-Spinach-Pasta-Recipe.jpg,,,,
https://assets.epicurious.com/photos/5988e3458e3ab375fe3c0caf/master/pass/How-to-Make-Chicken-Alfredo-Pasta-hero-02082017.jpg,,,,
https://emilybites.com/wp-content/uploads/2019/05/Bruschetta-Chicken-Pasta-4b-620x930.jpg,,,,
https://joyfoodsunshine.com/wp-content/uploads/2019/07/pesto-pasta-recipe-2.jpg,,,,
https://www.veganricha.com/wp-content/uploads/2018/11/Creamy-Sun-Dried-Tomato-Pasta-with-Garlic-Soy-curls-veganricha-0314-2.jpg,,,,
https://food.fnr.sndimg.com/content/dam/images/food/fullset/2011/2/4/1/RX-FNM_030111-Lighten-Up-012_s4x3.jpg.rend.hgtvcom.616.462.suffix/1382539856907.jpeg,,,,
https://vikalinka.com/wp-content/uploads/2018/09/pasta-cream-sauce-1-Edit-480x270.jpg,,,,
https://www.nospoonnecessary.com/wp-content/uploads/2018/06/Creamy-Lemon-Broccoli-Pasta-73-1.jpg,,,,
https://yupitsvegan.com/wp-content/uploads/2016/02/vegan-one-pot-creamy-garlic-pasta-fettucine-alfredo-square.jpg,,,,
https://d1doqjmisr497k.cloudfront.net/-/media/mccormickcan/recipes/tablet/roasted_garlic_and_peppers_pasta_toss_800.jpg?vd=20180617T022707Z&hash=C1F928266540151698F1F94F9C58757C2A67D13C,,,,
https://www.traderjoes.com/TJ_CMS_Content/Images/Recipe/cheesy-hot-pepper-pasta.jpg,,,,
https://www.cottercrunch.com/wp-content/uploads/2015/02/creamy-tomato-gluten-free-penne-pasta-4.jpg,,,,
https://media4.s-nbcnews.com/i/newscms/2018_41/1375585/katie-lee-pasta-today-main-181010_42c09d6a3aa3fdeba348b860dc4b942d.jpg,,,,
https://i.ytimg.com/vi/6aVOjLuw-Qg/maxresdefault.jpg,,,,
https://playswellwithbutter.com/wp-content/uploads/2019/05/Vegan-Southwest-Pasta-Salad-Recipe-7.jpg,,,,
https://food-images.files.bbci.co.uk/food/recipes/quick_broccoli_pasta_07412_16x9.jpg,,,,
https://www.halfbakedharvest.com/wp-content/uploads/2019/03/Broccoli-Pesto-Pasta-with-Whipped-Ricotta-1.jpg,,,,
https://i2.wp.com/www.adayinthekitchen.com/wp-content/uploads/2018/03/one-pan-pasta-640x640.jpg?fit=640%2C640&ssl=1,,,,
https://www.errenskitchen.com/wp-content/uploads/2017/01/Tomato-Cream-Sauce4-e1510138692803.jpg,,,,
https://dinnerthendessert.com/wp-content/uploads/2019/08/Pimento-Pasta-Salad-5.jpg,,,,
https://thumbor.thedailymeal.com/F3iB6MCEteyiTWyjRWajbUvUpCY=/870x565/https://www.thedailymeal.com/sites/default/files/2018/03/15/copy/00001%20HERO%20pasta%20shapes_0_0.jpg,,,,
http://images.summitmedia-digital.com/yummyph/images/2017/03/14/garlic-chicken-pasta.jpg,,,,
https://cdn-image.foodandwine.com/sites/default/files/1532533774/pasta-with-sausage-mustard-and-basil-XL-RECIPE0918.jpg,,,,
https://www.thespruceeats.com/thmb/yDiGh3bVmIBON31--wIcK_sWimE=/6720x4480/filters:fill(auto,1)/easy-vegan-nutritional-yeast-pasta-recipe-3377300-hero-01-dff1e20e71c144e98cc756dcf39b048c.jpg,,,
https://cdn.loveandlemons.com/wp-content/uploads/2018/12/pasta-1-1.jpg,,,,
https://thecozyapron.com/wp-content/uploads/2018/07/cajun-shrimp-pasta_thecozyapron_1.jpg,,,,
https://i2.wp.com/bakeatmidnite.com/wp-content/uploads/2018/05/cheesy-ground-beef-pasta-skillet-pin.jpg,,,,
https://vikalinka.com/wp-content/uploads/2018/09/pasta-cream-sauce-1-Edit-480x270.jpg,,,,
https://whatshouldimakefor-com.exactdn.com/wp-content/uploads/2019/09/IMG_9354.jpg?strip=all&lossy=1&resize=720%2C991&ssl=1,,,,
https://img.hellofresh.com/f_auto,fl_lossy,q_auto,w_1200/hellofresh_s3/image/pasta-parmesan-69c84eab.jpg,
https://emilybites.com/wp-content/uploads/2019/05/Bruschetta-Chicken-Pasta-4b-620x930.jpg,,,,
https://img.taste.com.au/IOc7WOJo/taste/2018/07/one-pan-creamy-chicken-pesto-pasta-bake-139045-2.jpg,,,,
https://foxeslovelemons.com/wp-content/uploads/2018/10/Creamy-Salmon-Pasta-with-Spinach-2-720x720.jpg,,,,
https://www.veganricha.com/wp-content/uploads/2018/11/Creamy-Sun-Dried-Tomato-Pasta-with-Garlic-Soy-curls-veganricha-0314-2.jpg,,,,
https://assets3.thrillist.com/v1/image/1638350/size/tmg-article_default_mobile.jpg,,,,
http://skinnymixers.com.au/wp-content/uploads/2018/10/Pasta-Alla-Norma_resized.jpg,,,,
https://fitfoodiefinds.com/wp-content/uploads/2018/03/tomato-basil-creamy-vegan-pasta-square.png,,,,
https://cdn.kiwilimon.com/recetaimagen/29848/th5-320x320-31748.jpg,,,,
https://food.fnr.sndimg.com/content/dam/images/food/fullset/2011/2/4/1/RX-FNM_030111-Lighten-Up-012_s4x3.jpg.rend.hgtvcom.616.462.suffix/1382539856907.jpeg,,,,
https://www.abc.net.au/cm/rimage/10356740-16x9-xlarge.jpg?v=4,,,,
https://hips.hearstapps.com/hmg-prod.s3.amazonaws.com/images/garlic-spaghetti-horizontal-1539203011.jpg?crop=1.00xw:0.847xh,0,0.0714xh&resize=480:*,,
https://www.foodiecrush.com/wp-content/uploads/2019/07/Pomodoro-Sauce-foodiecrush.com-015.jpg,,,,
https://cookiesandcups.com/wp-content/uploads/2019/03/creamybeefpasta-2.jpg,,,,
https://images.food52.com/EvhHLjS83E7OklYQ3jIEyq6-4mM=/1536x1022/filters:format(webp)/a7cf92ae-a8e3-457a-91fe-019943132be5--2019-0723_martha-stewarts-one-pan-pasta_3x2_rocky-luten_040.jpg,,,,
https://cdn.crownmediadev.com/cf/91/3fbd602f497baa318b600934de89/home-family-homemade-pasta-with-carbonara-sauce.jpg,,,,
https://thatspicychick.com/wp-content/uploads/2019/02/Spicy-Chicken-Penne-Pasta-7_PS.jpg,,,,
https://www.themediterraneandish.com/wp-content/uploads/2017/04/Olive-Oil-Past-Recipe-The-Mediterranean-Dish-3.jpg,,,,
https://www.washingtonpost.com/rf/image_982w/2010-2019/WashingtonPost/2019/08/23/Food/Images/v-wkveg0911-_064leadweb.jpg,,,,
http://www.howsweeteats.com/wp-content/uploads/2019/07/squash-pasta-skillet-5.jpg,,,,
https://asset.slimmingworld.co.uk/content/media/9787/chicken-and-med-veg-pasta_sw_recipe.jpg?v1=JGXiore20qg9NNIj0tmc3TKfKw-jr0s127JqqpCA2x7sMviNgcAYh1epuS_Lqxebn9V_qusKHfwbF7MOUrAPptzBhXIUL1Xnq2Mmdvx4fOk&width=640&height=640,,,,
https://purewows3.imgix.net/images/articles/2019_01/One-Pot_15-Minute_Pasta_Limone_Recipe.jpg?auto=format,compress&cs=strip,,,
https://www.carolinescooking.com/wp-content/uploads/2015/05/crab-pasta-2-1024x768.jpg,,,,
http://cdn1.girlgonegourmet.com/wp-content/uploads/2014/09/Easy-Pasta-with-Olive-Oil-and-Garlic-e1473966972285.jpg,,,,
https://images.immediate.co.uk/production/volatile/sites/2/2017/02/goats-cheese-and-spinach-pasta.jpg?quality=45&crop=6px,1761px,3590px,1526px&resize=960,413
https://aggieskitchen.com/wp-content/uploads/2016/11/Pesto-Pasta-Turkey-Kale-image-2.jpg,,,,
https://www.archanaskitchen.com/images/archanaskitchen/10-Brands/DelMonte-KidsRecipes/Spaghetti_Pasta_Recipe_In_Creamy_Tomato_Sauce_-_Kids_Recipes_Made_With_Del_Monte-3_fb.jpg,,,,
https://assets.bonappetit.com/photos/5d4ddd602c815a00080f9771/master/pass/BA-0919-Creamy-Pasta-Crispy-Mushroom-Playbook.jpg,,,,
https://dpv87w1mllzh1.cloudfront.net/alitalia_discover/attachments/data/000/000/334/original/roma-how-to-carbonara-1920x1080.jpg?1519055920,,,,
https://selfproclaimedfoodie.com/wp-content/uploads/homemade-pasta-self-proclaimed-foodie-6.jpg,,,,
https://www.kitchensanctuary.com/wp-content/uploads/2018/08/Mushroom-Ragu-with-Pasta-recipe-square-FS.jpg,,,,
https://cookieandkate.com/images/2018/08/creamy-cherry-tomato-summer-squash-pasta-recipe.jpg,,,,
https://insidebrucrewlife.com/wp-content/uploads/2012/04/Chipotle-Chicken-Pasta-17-1.jpg,,,,
http://www.amummytoo.co.uk/wp-content/uploads/2019/07/Jamie-Oliver-courgette-and-pea-pasta-recipe-2.jpg,,,,
https://allourway.com/wp-content/uploads/2018/04/Italian-Sausage-Pasta-One-Pot_3.jpg,,,,
https://www.melskitchencafe.com/wp-content/uploads/tomato-pesto-pasta2-480x360.jpg,,,,
https://www.hotforfoodblog.com/wp-content/uploads/2019/05/cheeseburgerpastasalad_hotforfood_filtered5-e1557690917710.jpg,,,,
https://i0.wp.com/www.simplysissom.com/wp-content/uploads/2015/11/ij-copy.jpg?fit=680%2C1020&ssl=1,,,,
https://www.hiddenvalley.com/wp-content/uploads/2018/02/HVR_PennePastawithVegetables_AB-512x664-c-default.jpg,,,,
https://simply-delicious-food.com/wp-content/uploads/2018/09/creamy-lemon-butter-prawn-pasta-3.jpg,,,,
https://media4.s-nbcnews.com/i/newscms/2018_41/1375585/katie-lee-pasta-today-main-181010_42c09d6a3aa3fdeba348b860dc4b942d.jpg,,,,
https://images.ctfassets.net/uexfe9h31g3m/3PHXt226asAgmo0GWYQss6/fc4d2a24413e64f6f9e9bbf5747502f9/Lemon_Chilli_Linguine_Pieces_Recipe_Web.jpg?fm=jpg&fit=thumb&w=1200&h=630&fl=progressive,,,,
https://www.foodrepublic.com/wp-content/uploads/2017/06/pastagorgonzola.jpg,,,,
https://i.ytimg.com/vi/6aVOjLuw-Qg/maxresdefault.jpg,,,,
https://veggiedesserts.co.uk/wp-content/uploads/2019/06/Pasta-e-piselli-4-500x500.jpg,,,,
https://www.twopeasandtheirpod.com/wp-content/uploads/2010/06/Easy-Pasta-Salad-1-500x375.jpg,,,,
https://i1.wp.com/www.walderwellness.com/wp-content/uploads/2019/05/Roasted-Red-Pepper-Cashew-Cream-Pasta-Walder-Wellness-4.jpg?fit=3383%2C5075&ssl=1,,,,
https://wellvegan.com/wp-content/uploads/2018/04/spicy-creamy-sausage-pasta-01@2x-1.jpg,,,,
https://laughingspatula.com/wp-content/uploads/2016/07/Tomato-Pasta-1-400x500.jpg,,,,
https://chocolatecoveredkatie.com/wp-content/uploads/2017/01/pasta.jpg,,,,
https://bellyfull.net/wp-content/uploads/2017/06/Cowboy-Pasta-Salad-blog-2.jpg,,,,
https://thewanderlustkitchen.com/wp-content/uploads/2019/01/pasta-for-one-3-720x720.jpg,,,,
https://images-gmi-pmc.edge-generalmills.com/71c89d7a-9347-481b-adc0-0ecab07b24b4.jpg,,,,
https://prods3.imgix.net/images/articles/2015_10/Social-Pasta-Lenticche-Lentil-Italian-Pasta-Ragu-Vegetarian-Recipe.jpg,,,,
https://www.spoonfulofflavor.com/wp-content/uploads/2017/02/Creamy-Mushroom-Spinach-Pasta-1-660x500.jpg,,,,
https://images.ctfassets.net/wy4h2xf1swlt/asset_54197/4a8ce77ed44bf3348979d6a9e2e9ab53/Winter_Basic_Pasta_Dough_KGF_Medibank-31-of-65-copy.jpg,,,,
https://www.melaniecooks.com/wp-content/uploads/2017/12/sausage_pasta_cheesy-773x1030.jpg,,,,
https://feelgoodfoodie.net/wp-content/uploads/2018/12/Hummus-Pasta-5.jpg,,,,
https://www.telegraph.co.uk/content/dam/food-and-drink/2019/05/30/Pasta-with-chicken-spinach-smoked-paprika-and-mascarpone-DAN-JONES_trans_NvBQzQNjv4BqqVzuuqpFlyLIwiB6NTmJwfSVWeZ_vEN7c6bHu2jJnT8.jpg?imwidth=450,,,,
https://dinnerthendessert.com/wp-content/uploads/2019/08/Pimento-Pasta-Salad-5.jpg,,,,
https://www.thereciperebel.com/wp-content/uploads/2019/09/pesto-chicken-pasta-www.thereciperebel.com-600-5-of-28.jpg,,,,
https://www.jocooks.com/wp-content/uploads/2017/07/pasta-alla-vodka-1-2.jpg,,,,
https://thumbor.thedailymeal.com/F3iB6MCEteyiTWyjRWajbUvUpCY=/870x565/https://www.thedailymeal.com/sites/default/files/2018/03/15/copy/00001%20HERO%20pasta%20shapes_0_0.jpg,,,,
https://naturallyella.com/wp-content/uploads/2019/09/summer_pasta.jpg,,,,
https://elavegan.com/wp-content/uploads/2019/06/Stiring-vegan-roasted-red-pepper-pasta-in-a-black-skillet.jpg,,,,
http://www.pamperedchef.com/iceberg/com/recipe/1360578-lg.jpg,,,,
https://www.cookingforkeeps.com/wp-content/uploads/2019/09/Creamy-Tomato-Pasta-Recipe-1.jpg,,,,
https://be35832fa5168a30acd6-5c7e0f2623ae37b4a933167fe83d71b5.ssl.cf3.rackcdn.com/5955/creamy-green-veg-pasta-web__hero.jpg?1559214988,,,,
https://cdn.cpnscdn.com/static.coupons.com/ext/kitchme/images/recipes/800x1200/cherry-tomato-basil-and-garlic-pasta_44661.jpg,,,,
http://www.honeywhatscooking.com/wp-content/uploads/2019/07/Tikka-Masala-Pasta-30.jpg,,,,
https://images-gmi-pmc.edge-generalmills.com/a5a3d4db-d33e-46a6-b34c-a9fa15cd650b.jpg,,,,
https://twohealthykitchens.com/wp-content/uploads/2017/05/Roasted-Broccoli-Cauliflower-Pasta-with-Parmesan-Lemon-Garlic-Serving-Bowl.jpg,,,,
https://www.irishtimes.com/polopoly_fs/1.3585887.1533323341!/image/image.jpg_gen/derivatives/landscape_620/image.jpg,,,,
https://www.spendwithpennies.com/wp-content/uploads/2018/03/Italian-Pasta-Salad-22.jpg,,,,
https://playswellwithbutter.com/wp-content/uploads/2018/05/SUNDRIED-TOMATO-PASTA-SALAD-5.jpg,,,,
https://www.bbcgoodfood.com/sites/default/files/styles/recipe/public/recipe/recipe-image/2017/11/mexican-penne.jpg?itok=Me76nQgF,,,,
https://www.weightlossresources.co.uk/pimg/wlr/f/fusilli-pasta-article.jpg,,,,
https://cravinghomecooked.com/wp-content/uploads/2018/08/alfredo-pasta-1-4.jpg,,,,
https://www.cookingclassy.com/wp-content/uploads/2018/06/greek-pasta-salad-8.jpg,,,,
https://jillstable.ca/wp-content/uploads/2017/10/Pasta-Alla-Norma.jpg,,,,
https://whatsinthepan.com/wp-content/uploads/2018/10/Italian-4.jpg,,,,
https://cdn-image.realsimple.com/sites/default/files/styles/video_image_1/public/pasta-colander-gettyimages-91909833.jpg?itok=rOc_liO4&1547055352,,,,
https://img1.cookinglight.timeinc.net/sites/default/files/styles/4_3_horizontal_-_900x675/public/image/2017/09/main/one-pot-pasta-spinach-tomatoes-1711p35.jpg?itok=Fk3VdSQe,,,,
https://www.veggiessavetheday.com/wp-content/uploads/2017/04/Cherry-Tomato-Pasta-FI.jpg,,,,
https://www.loveandoliveoil.com/wp-content/uploads/2018/05/chicken-parmesan-pasta-4-600x900.jpg,,,,
https://healthylivingjames.co.uk/wp-content/uploads/2018/06/FullSizeRender-small.jpg,,,,
https://www.skinnytaste.com/wp-content/uploads/2012/11/Pasta-with-Butternut-Sauce-Spicy-Sausage-and-Baby-Spinach-2.jpg,,,,
https://www.pastabased.com/wp-content/uploads/2019/02/red-pepper-pasta-2.jpg,,,,
https://www.readyseteat.com/sites/g/files/qyyrlu501/files/uploadedImages/img_7397_50831.jpg,,,,
https://www.recipetineats.com/wp-content/uploads/2019/05/Chicken-Alfredo_8.jpg,,,,
https://www.newideafood.com.au/media/15068/resizeissue13-010419-kitchenhacks-4ingredientzucchinibaconpestopasta-03.jpg?width=640,,,,
https://www.diaryofarecipecollector.com/wp-content/uploads/2019/07/southwestern-pasta-salad-2.jpg,,,,
https://www.vnutritionandwellness.com/wp-content/uploads/2017/04/one-pot-lemon-pasta-1a.jpg,,,,
https://www.supergoldenbakes.com/wordpress/wp-content/uploads/2019/05/Spaghetti_Carbonara-4s.jpg,,,,
https://keyassets-p2.timeincuk.net/wp/prod/wp-content/uploads/sites/53/2012/07/Bacon-and-cheese-pasta.jpg,,,,
https://cafedelites.com/wp-content/uploads/2015/01/Creamy-Shrimp-Mushroom-Linguine-IMAGE-4.jpg,,,,
https://www.academiabarilla.com/anteprima_italian_pasta_1200.jpg?h=c97635c56667efaea98e2047bbaebdacc3075839,,,,
https://asset.slimmingworld.co.uk/content/media/11131/cajun-chicken-pasta_sw_recipe.jpg?v1=JGXiore20qg9NNIj0tmc3XAKBNMfKFHw741a8PwsFYP8_IPq9HmAsUgk9sjF2Bg4xi5-FTegPXLo-koWeGgAbxvGV7pMxAk-CUwbCSEmh464vjKb07JCtj4TATRDRk6D&width=640&height=640,,,,
https://d1doqjmisr497k.cloudfront.net/-/media/schwartz/recipes/600x900/vegetable_pasta_600.jpg?vd=20180522T022005Z&hash=CB1537D1CEC15A24736B62952EF38FF3EFED08B7,,,,
https://images.ctfassets.net/qu53tdnhexvd/6t48d9i7OEcwi86uI4Qequ/967a7e588cef0c464b54c46ed1f9562e/one-pot-chorizo-and-tomato-pasta.jpg?fm=jpg&fl=progressive&q=80&w=1300,,,,
https://www.cinnamonspiceandeverythingnice.com/wp-content/uploads/2015/03/Chicken-Pasta-with-Tomato-Cream-Sauce.jpg,,,,
https://familystylefood.com/wp-content/uploads/2019/04/pasta-al-limone2-familystylefood-735x997.jpg,,,,
https://cooktoria.com/wp-content/uploads/2019/06/Angel-Hair-Pasta-6.jpg,,,,
https://foodwithfeeling.com/wp-content/uploads/2016/06/Vegan-Pasta-Salad-3-600x900.jpg,,,,
https://diethood.com/wp-content/uploads/2017/06/Creamy-Vegetable-Pasta-Diethood1.jpg,,,,
https://flockler.com/thumbs/sites/192/one-pan-lemon-and-garlic-pasta_s640x0_c2112x1234_l0x476_q70_noupscale.jpg,,,,
https://iamafoodblog.com/wp-content/uploads/2019/02/pasta-al-limone-6498.jpg,,,,
https://www.cscassets.com/ca/recipes/medium/medium_982.jpg,,,,
https://www.saltandlavender.com/wp-content/uploads/2018/08/canned-tuna-pasta-recipe-1.jpg,,,,
https://www.the-girl-who-ate-everything.com/wp-content/uploads/2011/07/taco-pasta-1-2.jpg,,,,
https://www.simplyrecipes.com/wp-content/uploads/2009/11/butternut-squash-pasta-horiz-a2-1800.jpg,,,,
https://thesaltymarshmallow.com/wp-content/uploads/2019/04/instant-pot-pasta2.jpg,,,,
https://bakerbynature.com/wp-content/uploads/2019/06/Easy-Pesto-Tortellini-Pasta-Salad-7-1-of-1.jpg,,,,
https://www.phillymag.com/wp-content/uploads/sites/3/2019/07/handmade-pasta.jpg,,,,
https://coleycooks.com/wp-content/uploads/2015/08/Sun-Gold-Tomato-Pasta-3.jpg,,,,
https://s3.amazonaws.com/pixtruder/original_images/0eb929bc2c007ebf6009316a327b1e37587045a4,,,,
https://img1.southernliving.timeinc.net/sites/default/files/styles/medium_2x/public/image/2019/01/main/2591001_qfssh_0206.jpg?itok=yswBF8Nf,,,,
https://juliasalbum.com/wp-content/uploads/2018/02/chicken-broccoli-pasta-with-bacon-2.jpg,,,,
https://www.thefedupfoodie.com/wp-content/uploads/2017/11/IMG_4704-1.jpg,,,,
https://inspiralized.com/wp-content/uploads/2014/06/Italian-Zucchini-Pasta-Salad-2.jpg,,,,
https://www.crazyforcrust.com/wp-content/uploads/2017/05/Easy-Baked-Penne-3-of-5-500x375.jpg,,,,
https://barefeetinthekitchen.com/wp-content/uploads/2017/08/Nestea-Spinach-Pasta-Salad-FINAL-1-1-of-1.jpg,,,,
https://therecipecritic.com/wp-content/uploads/2018/09/creamy_garlic_shrimp_alfredo4.jpg,,,,
http://images.summitmedia-digital.com/yummyph/images/2019/03/01/pastacubano.jpg,,,,
https://downshiftology.com/wp-content/uploads/2014/10/zucchini-pasta-lemon-garlic-shrimp-1-2-500x500.jpg,,,,
https://www.acozykitchen.com/wp-content/uploads/2017/08/PaydayPastaLobster-6.jpg,,,,
https://www.littlebroken.com/wp-content/uploads/2016/08/20-Minute-Sun-Dried-Tomato-Pasta-with-Spinach-10.jpg,,,,
https://www.deliciousmagazine.co.uk/wp-content/uploads/2019/08/surf-and-turf-pasta-768x960.jpg,,,,
https://cupfulofkale.com/wp-content/uploads/2019/05/Roasted-Courgette-Pesto-Pasta-720x720.jpeg,,,,
http://www.pamperedchef.ca/iceberg/com/recipe/1034187-lg.jpg,,,,
https://cms.splendidtable.org/sites/default/files/styles/w2000/public/143-pasta-with-mussels_0.jpg?itok=xEbFUNBq,,,,
https://kitchenswagger.com/wp-content/uploads/2019/01/creamy-pasta-shells-with-sausage-recipe12.jpg,,,,
https://dam.kraftheinzcompany.com/adaptivemedia/rendition/ShrimplyDeliciousPasta_03.jpg?id=35d0761cb2bd4609d57b3137ecd6de3c8964a53f&ht=3744&wd=5616,,,,
https://www.sbs.com.au/food/sites/sbs.com.au.food/files/styles/full/public/og_ep1_pasta-and-tuna-salad-2.jpg?itok=NrjsH-0C,,,,
https://www.rabbitandwolves.com/wp-content/uploads/2019/07/Vegan-White-Bean-Pasta0452.jpg,,,,
https://ohsweetbasil.com/wp-content/uploads/quick-and-easy-italian-pasta-salad-recipe-with-homemade-italian-dressing-8.jpg,,,,
https://www.telegraph.co.uk/content/dam/food-and-drink/2019/05/24/tomato-pasta_trans_NvBQzQNjv4BqEDjTm7JpzhSGR1_8ApEWQA1vLvhkMtVb21dMmpQBfEs.jpg?imwidth=450,,,,
http://www.howsweeteats.com/wp-content/uploads/2019/07/tomato-basil-pasta-3-2.jpg,,,,
https://www.cravingsofalunatic.com/wp-content/uploads/2018/01/30-Minute-Chicken-and-Vegetable-Skillet-Pasta-4-e1516865918896.jpg,,,,
https://reciperunner.com/wp-content/uploads/2019/06/Grilled-Chicken-Asparagus-Pesto-Pasta-Picture-720x720.jpg,,,,
https://d1y37rophvf5gr.cloudfront.net/Images/Recipes/recipe-523.700x525.jpg,,,,
https://chefsavvy.com/wp-content/uploads/pasta-carbonara.jpg,,,,
https://jessicainthekitchen.com/wp-content/uploads/2018/03/Vegan-Garlic-Alfredo-Pasta.jpg,,,,
https://www.modernhoney.com/wp-content/uploads/2019/03/Creamy-Lemon-Chicken-Pasta-4.jpg,,,,
https://imagesvc.meredithcorp.io/v3/mm/image?url=https%3A%2F%2Fcdn-image.foodandwine.com%2Fsites%2Fdefault%2Ffiles%2Fstyles%2Fmedium_2x%2Fpublic%2Fpasta-bolognese-r-xl-200009.jpg%3Fitok%3DRXr4uVx4&w=450&c=sc&poi=face&q=85,,,,
https://s23991.pcdn.co/wp-content/uploads/2016/01/homemade-pasta-dough-recipe-fp.jpg,,,,
https://stressbaking.b-cdn.net/wp-content/uploads/2015/06/ruby-tuesday-pasta-salad-1-7.jpg,,,,
https://www.snixykitchen.com/wp-content/uploads/2019/04/Gluten-Free-Almond-Flour-Pasta-9-735x1103.jpg,,,,
https://dinnerthendessert.com/wp-content/uploads/2018/09/Ground-Pot-Roast-Pasta-3.jpg,,,,
https://pinchofnom.com/wp-content/uploads/2017/02/Syn-Free-Bolognese-Pasta-Bake-Slimming-World-1.jpg,,,,
https://smittenkitchendotcom.files.wordpress.com/2009/05/asparagus-goat-cheese-and-lemon-pasta.jpg?w=1200,,,,
https://natashaskitchen.com/wp-content/uploads/2017/05/Creamy-Shrimp-Alfredo-Pasta-500x500.jpg,,,,
https://www.yellowblissroad.com/wp-content/uploads/2019/03/One-Por-Cheesy-Sausage-Pasta-3-of-5.jpg,,,,
https://www.chicken.ca/assets/RecipePhotos/One-Pot-Broccoli-Chicken-and-Cheese-Pasta.JPG,,,,
https://imagesvc.meredithcorp.io/v3/mm/image?url=https%3A%2F%2Fimages.media-allrecipes.com%2Fuserphotos%2F6902574.jpg&w=380&c=sc&poi=face&q=85&h=380,,,,
https://www.thepetitecook.com/wp-content/uploads/2018/06/chanterelle-mushsroom-pasta-4.jpg,,,,
https://www.beyondthechickencoop.com/wp-content/uploads/2019/03/Chicken-Pasta-Bake-1-500x500.jpg,,,,
https://www.sprinklesandsprouts.com/wp-content/uploads/2018/11/Garlic-Butter-Pasta-with-Garlic-Chicken-SQ-500x500.jpg,,,,
https://www.perfectitaliano.com.au/content/dam/perfectitaliano-aus/recipe/bolognese-pasta-bake_standard.jpg,,,,
https://sweetandsavorymeals.com/wp-content/uploads/2019/04/Chicken-Carbonara-Recipe-3.jpg,,,,
https://img.bestrecipes.com.au/9pz1IEm9/w643-h428-cfill-q90/br/2017/10/broccoli-and-ham-pasta-recipe-510040-1.jpg,,,,
https://www.tasteofhome.com/wp-content/uploads/2018/01/Italian-Pasta-Bake_EXPS_H13X917_49172_C06_23_2b-696x696.jpg,,,,
https://www.thecuriouschickpea.com/wp-content/uploads/2019/07/zaatar-pasta-salad-8.jpg,,,,
https://cdn.crownmediadev.com/03/3a/34f9b16a4c3f83234db332834085/home-family-miso-mushroom-pasta.jpg,,,,
https://i0.wp.com/www.goodcook.com/wp-content/uploads/2016/03/2016-03-One-Pot-Alfredo-Pasta-Final-10-SM.jpg,,,,
https://hips.hearstapps.com/ghk.h-cdn.co/assets/17/48/768x384/landscape-1512082098-soybean-pasta-kale-pesto.jpg?resize=480:*,,,,
https://www.thespruceeats.com/thmb/dae3FBqgNKy38QIXV5h2vAGo2Ys=/1500x1000/filters:fill(auto,1)/summer-squash-pasta-with-garlic-and-basil-3061453-6-6_preview-5b0eda2f43a103003619230c.jpeg,,,
https://thespicyapron.com/wp-content/uploads/2017/06/Easy-Camping-Meals-Pasta-with-Fork.jpg,,,,
https://www.thecookierookie.com/wp-content/uploads/2019/08/pasta-pomodoro-recipe-3-of-7.jpg,,,,
https://cdn-image.myrecipes.com/sites/default/files/styles/medium_2x/public/1606p20-pesto-pasta-salad-with-tomatoes-and-mozzarella.jpg?itok=UwkjepMT,,,,
https://eatinginstantly.com/wp-content/uploads/2018/08/Instant-Pot-Chicken-Pesto-Pasta-2.jpg,,,,
https://www.indianhealthyrecipes.com/wp-content/uploads/2016/02/red-sauce-pasta-recipe-1.jpg,,,,
https://www.thefullhelping.com/wp-content/uploads/2019/03/Caramelized-cabbage-onion-pasta-2.jpg,,,,
https://www.veganricha.com/wp-content/uploads/2018/03/Vegan-rose-sauce-pasta-veganricha-8021.jpg,,,,
https://thecookreport.co.uk/wp-content/uploads/2018/11/Salmon-Pasta-3.jpg,,,,
https://cookieandkate.com/images/2013/07/caprese-pasta-recipe-2.jpg,,,,
http://www.newidea.com.au/media/25352/tunaandspinachpasta-01.jpg,,,,
https://yourguardianchef.com/wp-content/uploads/2015/10/Squid-ink-pasta-22_4_1-1024x768.jpg,,,,
https://frommybowl.com/wp-content/uploads/2019/07/Dill_Pickle_Pasta_Salad_Gluten_Free_Vegan_FromMyBowl-7.jpg,,,,
https://mykidslickthebowl.com/wp-content/uploads/2018/06/One-Pan-Pasta-Sausage-Lentil-1-of-2018-2-1.jpg,,,,
https://media1.popsugar-assets.com/files/thumbor/O8OYn8Y1aG5bFNdF_VzSDCp1sqs/fit-in/2048xorig/filters:format_auto-!!-:strip_icc-!!-/2017/07/05/019/n/1922195/81607d35051569ae_PS17_06_30_BJ_Pinterest_Spaghetti_Wine.jpg,,,,
https://www.tablefortwoblog.com/wp-content/uploads/2012/10/Great-Grandma%E2%80%99s-Pasta-Sauce-5.jpg,,,,
https://homemadehooplah.com/wp-content/uploads/2019/03/tuna-pasta-salad-1.jpg,,,,
https://assets.tmecosys.com/image/upload/t_web767x639/img/recipe/ras/Assets/8642b2fd-af87-4ad2-8d40-f5c70a8b409c/Derivates/b6609bd6-8dfe-4236-87bb-7d6f4e6549fc.jpg,,,,
https://dizzybusyandhungry.com/wp-content/uploads/2019/06/ground-turkey-pasta-broccoli-dinner-overhead-500x500.jpg,,,,
https://c.ndtvimg.com/2018-10/j109g3lg_pasta_625x300_15_October_18.jpg,,,,
https://img.sunset02.com/sites/default/files/pasta-basil-tomatoes-feta-su.jpg,,,,
https://www.halfbakedharvest.com/wp-content/uploads/2019/09/Creamy-Butternut-Squash-Alla-Vodka-Pasta-1-700x1050.jpg,,,,
https://life-in-the-lofthouse.com/wp-content/uploads/2018/10/Chicken-Ranch-Pasta-Bake-1-709x1024.jpg,,,,
https://www.jocooks.com/wp-content/uploads/2014/03/chicken-pasta-casserole-1.jpg,,,,
https://juliasalbum.com/wp-content/uploads/2018/01/shrimp-pasta-with-mozzarella-sauce-500x500.jpg,,,,
https://i1.wp.com/togetherasfamily.com/wp-content/uploads/2018/05/easy-italian-pasta-salad-3.jpg?fit=768%2C1024&ssl=1,,,,
https://www.amummytoo.co.uk/wp-content/uploads/2019/07/pasta-e-fagioli-recipe-2.jpg,,,,
https://d2814mmsvlryp1.cloudfront.net/wp-content/uploads/2019/08/WGC-Fruitti-de-Mar-2-copy-2.jpg,,,,
https://bakerbynature.com/wp-content/uploads/2019/07/Easy-Italian-Veggie-Pasta-Salad-124-1-of-1.jpg,,,,
https://bmexdi064h-flywheel.netdna-ssl.com/wp-content/uploads/2019/05/Fresh-Tomato-and-Ricotta-Pasta-foodiecrush.com-025-2.jpg,,,,
https://images.immediate.co.uk/production/volatile/sites/2/2018/11/OnePotPasta-47b5b0a.jpg?quality=45&resize=960,413,,,
https://www.wearesovegan.com/wp-content/uploads/2018/05/SV_OnePotTomatoBasilPasta_Thumb1.jpg,,,,
https://d1doqjmisr497k.cloudfront.net/-/media/schwartz/recipes/600x900/mediterranean_vegetable_pasta_600.jpg?vd=20180522T021545Z&hash=FBC46389C3E1F862AED1844ABC44C99D593F03CB,,,,
https://i1.wp.com/www.seafoodexperts.com.au/wp-content/uploads/2018/04/SR-169-Tuna-pasta-tomato-zucchini-slice-SLICE-CLEAN.jpg?zoom=2.625&fit=1920%2C1080&ssl=1,,,,
https://i2.wp.com/avirtualvegan.com/wp-content/uploads/2019/02/creamy-vegan-mushroom-pasta-5.jpg,,,,
http://cafejohnsonia.com/wp-content/uploads/2017/08/Grilled-Chicken-Roasted-Red-Pepper-Pasta-7-1024x731.jpg,,,,
https://assets.nhs.uk/prod/images/A_0518_tomato_pasta_J47AJ4.2e16d0ba.fill-920x613.jpg,,,,
https://tidbits-marci.com/wp-content/uploads/2017/09/Pressure-Cooker-Pasta-1-of-4.jpg,,,,
https://flockler.com/thumbs/sites/192/avocado-mint-pasta-42c21535-27a6-4094-80f8-18662b7c56fd_s640x0_c1701x994_l0x367_q70_noupscale.jpg,,,,
https://twohealthykitchens.com/wp-content/uploads/2018/03/One-Pot-Whole-Wheat-Pasta-with-Asparagus-square-735x735.jpg,,,,
https://lilluna.com/wp-content/uploads/2014/02/italian-sausage-pasta-2.jpg,,,,
https://elavegan.com/wp-content/uploads/2019/03/healthy-vegan-creamy-pasta-soup-with-beans-cashews-and-gluten-free-pasta.jpg,,,,
https://www.thehungryhutch.com/wp-content/uploads/2017/06/Shrimp-Scampi-Pasta-0.jpg,,,,
https://thismessisours.com/wp-content/uploads/2019/05/IMG_0469-1.jpg,,,,
https://therecipecritic.com/wp-content/uploads/2012/07/creamy_bacon_carbonara.jpg,,,,
https://images-gmi-pmc.edge-generalmills.com/1299b209-7be2-4f15-a788-9851bfe6eb95.jpg,,,,
https://www.nutmegnanny.com/wp-content/uploads/2019/01/ratatouille-pasta-4.jpg,,,,
https://www.dontgobaconmyheart.co.uk/wp-content/uploads/2019/04/cream-cheese-pasta.jpg,,,,
https://thevegan8.com/wp-content/uploads/2019/06/vegan-lemon-florentine-pasta4.jpg,,,,
https://www.nestleprofessional.co.uk/sites/g/files/gfb191/f/styles/recipe/public/media/5.1-tomato-and-borlotti-bean-pasta-bake.jpg?itok=2NPM9lg_,,,,
https://cdn.newsapi.com.au/image/v1/92289b09b9a51b0d80d103795e89999d?width=650,,,,
https://whatsinthepan.com/wp-content/uploads/2018/12/Cajun-Shrimp-and-Sausage-Pasta-7.jpg,,,,
https://images-gmi-pmc.edge-generalmills.com/f9fb7f7f-306c-4a4a-9947-72a78185575e.jpg,,,,
http://assets.kraftfoods.com/recipe_images/opendeploy/567409_2_1_retail-a5c6cc7561857f0d5c43e998e4cce9b952849bd2_642x428.jpg,,,,
https://images.unsplash.com/photo-1546549032-9571cd6b27df?ixlib=rb-1.2.1&ixid=eyJhcHBfaWQiOjEyMDd9&w=1000&q=80,,,,
https://www.carolinescooking.com/wp-content/uploads/2017/01/scallop-pasta-with-garlic-and-white-wine-bowl-long2.jpg,,,,
https://www.lovepork.co.uk/media/1685/creamy-pork-pasta.jpg?width=600&height=300&mode=crop,,,,
https://recipes.timesofindia.com/thumb/54311206.cms?imgsize=98112&width=800&height=800,,,,
https://www.crazyforcrust.com/wp-content/uploads/2019/06/Corn-Pasta-Salad-7.jpg,,,,
https://hips.hearstapps.com/ame-prod-redonline-assets.s3.amazonaws.com/main/thumbs/232/1289899639-JoolsPasta.jpg?crop=1xw:1.0xh,center,top&resize=480:*,,
https://upload.wikimedia.org/wikipedia/commons/8/84/Rigatoni.jpg,,,,
http://www.newideafood.com.au/media/16131/resizebm-issue19-130519-food1-nohasslericecookerdishes-pastacarbonara-01.jpg,,,,
https://www.vnutritionandwellness.com/wp-content/uploads/2016/10/Vegan-Pumpkin-Pasta-3.jpg,,,,
https://img.hellofresh.com/f_auto,fl_lossy,q_auto,w_1200/hellofresh_s3/image/pasta-primavera-63c91bc2.jpg,
https://www.thebrightbird.com/wp-content/uploads/2018/04/one-pot-pasta-01.jpg,,,,
https://www.daskochrezept.de/sites/default/files/styles/media_entity_teaser_facebook/public/rezepte/2010/6/Rucola-Pasta-mit-Frischkaesesauce-4c21c73e1e601.jpg?itok=tYnpd76k,,,,
https://sanremo.com.au/content/uploads/2019/04/Rosa-pasta-1.jpg,,,,
https://cdn.kiwilimon.com/recetaimagen/34179/th5-640x426-39798.jpg,,,,
https://gbc-cdn-public-media.azureedge.net/img68483.1426x713.jpg,,,,
https://thermobliss.com/wp-content/uploads//2018/05/Easy-Beef-and-Vegetable-Pasta-Bake-1.jpg,,,,
https://pinabresciani.com/wp-content/uploads/2018/07/DSC03147.jpg,,,,
https://davidrocco.com/wp-content/uploads/2017/03/DSCF1484.jpg,,,,
https://i0.wp.com/www.chocolateslopes.com/wp-content/uploads/2222/01/easy-chicken-pesto-bake.jpg,,,,
https://www.thechunkychef.com/wp-content/uploads/2016/06/Best-Potluck-Pasta-Salad-feat-440x500.jpg,,,,
https://www.makingthymeforhealth.com/wp-content/uploads/2019/08/Creamy-Tomato-Spinach-Pasta-_-700x1050.jpg,,,,
https://sifu.unileversolutions.com/image/en-PH/recipe-topvisual/2/1260-709/pasta-with-salted-egg-cream-sauce-recipe-50319758.jpg,,,,
https://149366112.v2.pressablecdn.com/wp-content/uploads/2019/05/curry-pasta.jpg,,,,
https://inspiralized.com/wp-content/uploads/2019/05/Chicken-Sausage-and-Broccoli-Pasta.jpg,,,,
https://thecozycook.com/wp-content/uploads/2018/11/De-Vinci-Pasta-500x500.jpg,,,,
https://1.bp.blogspot.com/-BDFDkQAhI3U/XJD4s-M64aI/AAAAAAAAfF4/tRxsp79NIekpPPIcBsHt-1x5q0KLMQJggCLcBGAs/s1600/Garlic-butter-sauce-hero.jpg,,,,
https://spicysouthernkitchen.com/wp-content/uploads/tomato-cream-sauce-17.jpg,,,,
https://stripedspatula.com/wp-content/uploads/2018/12/mussels-with-pasta-4-500x500.jpg,,,,
https://www.skinnytaste.com/wp-content/uploads/2011/07/Easiest-Pasta-and-Broccoli-Recipe.jpg,,,,
https://www.inspiredtaste.net/wp-content/uploads/2016/08/Zucchini-Pasta-Recipe.jpg,,,,
https://assets.epicurious.com/photos/5cb8bce9b6addb519525d1b2/master/pass/Caramelized-Onion-Pasta-recipe-100419.jpg,,,,
https://www.princes.co.uk/content/images/recipes/mobile/tuna_pasta_bake_lr_1.jpg,,,,
https://www.mantitlement.com/wp-content/uploads/2018/06/creamy-tuscan-spaghetti-with-jumbo-scallops-fork-1.jpg,,,,
https://thecookreport.co.uk/wp-content/uploads/2019/04/Salmon-Linguine-8.jpg,,,,
https://ls.imgix.net/recipes/thumbnails/one-pan-pasta.jpg?w=620&h=310&auto=compress,format&fit=crop,,,
https://www.houstonfoodbank.org/wp-content/uploads/2019/09/Recipe_PumpkinPasta-500x500.jpg,,,,
https://selfproclaimedfoodie.com/wp-content/uploads/cajun-shrimp-pasta-self-proclaimed-foodie-5.jpg,,,,
https://veganheaven.org/wp-content/uploads/2017/02/Creamy-Vegan-One-Pot-Pasta-4.jpg,,,,
https://cdn3.tmbi.com/toh/GoogleImages/Pasta-with-Asparagus_EXPS_SRBZ16_1069_D09_14_4b.jpg,,,,
https://www.kitchentreaty.com/wp-content/uploads/2014/09/One-Pot-Creamy-Pumpkin-Pasta-5-sq-660x430.jpg,,,,
https://imagesvc.meredithcorp.io/v3/mm/image?url=https%3A%2F%2Fcdn-image.realsimple.com%2Fsites%2Fdefault%2Ffiles%2Fstyles%2Fmedium_2x%2Fpublic%2Fspicy-coconut-noodles_copy.jpg%3Fitok%3De4uAarrQ%261563811256&q=85,,,,
https://www.kitchensanctuary.com/wp-content/uploads/2017/01/Pasta-bake-with-chicken-and-bacon-tall-FS.jpg,,,,
https://www.foodora.ca/wp-content/uploads/sites/6/2019/01/15COOKING-PASTA-threeByTwoMediumAt2X-v2-1.jpg,,,,
https://extremecouponingmom.ca/wp-content/uploads/2017/05/Instant-Pot-Sausage-Rigatoni_22-720x720.jpg,,,,
https://d1doqjmisr497k.cloudfront.net/-/media/mccormick-us/recipes/mccormick/p/800/pasta-salad-vinaigrette.jpg,,,,
https://d2814mmsvlryp1.cloudfront.net/wp-content/uploads/2018/04/WGC-Calabrian-Chili-Pasta-2-copy-2.jpg,,,,
https://www.jessicagavin.com/wp-content/uploads/2015/04/bowl-of-lemon-garlic-shrimp-pasta-1200.jpg,,,,
https://jessicainthekitchen.com/wp-content/uploads/2018/06/20-Minute-Vegan-Pesto-Pasta-4.jpg,,,,
https://homemadehooplah.com/wp-content/uploads/2019/02/orzo-pasta-salad-1.jpg,,,,
https://www.kitschencat.com/wp-content/uploads/2019/02/PC-Sausage-Penne-Pasta-1.jpg,,,,
https://www.abc.net.au/cm/rimage/11130776-16x9-xlarge.jpg?v=3,,,,
https://www.healthyfood.co.uk/wp-content/uploads/2019/06/sausage-pasta-320x293.jpg,,,,
https://myfoodbook.com.au/sites/default/files/styles/single_recipe/public/recipe_photo/Chicken_Pesto_Pasta_0.jpg?itok=cQnVIBMS,,,,
https://i0.wp.com/www.thissavoryvegan.com/wp-content/uploads/2016/12/white-wine-pasta-asparagus-2-683x1024.jpg?resize=610%2C915,,,,
https://i1.wp.com/memoriediangelina.com/wp-content/uploads/2011/12/Pasta-con-la-ricotta.jpg?w=839,,,,
https://img1.cookinglight.timeinc.net/sites/default/files/styles/4_3_horizontal_-_1200x900/public/image/2017/05/main/pasta-chickpea-sauce-1707p46.jpg?itok=Jmv3zJMU,,,,
https://www.chef-in-training.com/blog/wp-content/uploads/2019/04/Italian-Sausage-Pasta-2.jpg,,,,
http://australianavocados.com.au/wp-content/uploads/2019/01/Avo_Pesto_pasta.jpg,,,,
https://thefoodellers.com/timthumb.php?w=300&h=430&zc=1&src=https://thefoodellers.com/wp-content/uploads/2011/06/gricia1.jpg,,,,
https://ichef.bbci.co.uk/food/ic/food_16x9_832/recipes/1_creamy_chicken_pasta_24218_16x9.jpg,,,,
https://sweetsimplevegan.com/wp-content/uploads/2018/12/Instant-Pot-Pasta-Pagioli-Beans-Sweet-Simple-Vegan-8-copy.jpg,,,,
https://i1.wp.com/www.walderwellness.com/wp-content/uploads/2018/08/Screen-Shot-2018-07-24-at-4.32.39-PM.png?fit=958%2C1196&ssl=1,,,,
https://static.independent.co.uk/s3fs-public/thumbnails/image/2017/05/31/16/spag-bol.jpg?w968h681,,,,
https://images.ctfassets.net/uexfe9h31g3m/2Oik3niNIcK0Ak88KO2mYE/21b359e4201cd92be5a1d25d4d30bcef/gluten-free-vegan-smoky-ham-2c-sundried-tomato-and-avocado-pesto-pasta.jpg?w=414&h=276&fm=jpg&fit=thumb&q=70&fl=progressive,,,,
https://www.justataste.com/wp-content/uploads/2017/09/easy-vodka-pasta-sauce.jpg,,,,
https://d1doqjmisr497k.cloudfront.net/-/media/mccormickcan/recipes/tablet/italian_pasta_salad_800.jpg?vd=20180617T022853Z&hash=5A5D46F75FBB20E49975E2583EA8BF928F90C5B2,,,,
https://smittenkitchendotcom.files.wordpress.com/2017/10/quick-pasta-e-ceci-pasta-with-chickpeas.jpg?w=1200,,,,
https://static01.nyt.com/images/2016/05/03/dining/03COOKING-PASTAWITHBUTTER2/03COOKING-PASTAWITHBUTTER2-articleLarge.jpg,,,,
https://pinchofyum.com/wp-content/uploads/Garlic-Herb-Spaghetti-and-Meatballs-Feature-1.jpg,,,,
https://www.gimmesomeoven.com/wp-content/uploads/2019/02/Mushroom-Lovers-Pasta-7-1.jpg,,,,
https://www.sciencealert.com/images/2019-01/processed/GettyImages-870253780_1_600.jpg,,,,
https://www.theleangreenbean.com/wp-content/uploads/2018/05/BBQ-Chicken-Pasta-2.jpg,,,,
