https://www.rd.com/wp-content/uploads/2019/07/raw-meat-800x450.jpg,,,,,,
http://www.bamco.com/content/uploads/2019/07/iStock-857308908_red-and-white-meat_970y546.jpg,,,,,,
https://sharpmagazine.com/wp-content/uploads/2018/10/clean-meat-feature-image-1600x856.jpg,,,,,,
https://food.fnr.sndimg.com/content/dam/images/food/fullset/2019/8/28/0/fn_chicken-beef-getty_s4x3.jpg.rend.hgtvcom.616.462.suffix/1567010527227.jpeg,,,,,,
https://www.thehealthy.com/wp-content/uploads/2018/12/The-5-Best-Meats-to-Eat%E2%80%94and-2-to-Avoid-6-760x506.jpg,,,,,,
https://www.theglobeandmail.com/resizer/B07k_qAKVLYL615PwiG-jt7JVI0=/4000x0/filters:quality(80)/arc-anglerfish-tgam-prod-tgam.s3.amazonaws.com/public/U6PU5BA5GBEANOR3UW7BWMWZ34.JPG,,,,,,
https://cdn-a.william-reed.com/var/wrbm_gb_food_pharma/storage/images/publications/food-beverage-nutrition/globalmeatnews.com/headlines/livestock/red-meat-report-slammed-by-industry/9038653-1-eng-GB/Red-meat-report-slammed-by-industry_wrbm_large.jpg,,,,,,
https://cdn-ami-drupal.heartyhosting.com/sites/muscleandfitness.com/files/styles/full_node_image_1090x614/public/media/20-Meat-Proteins-Chicken-Pork-Beef.jpg?itok=V4AopDHS,,,,,,
https://i0.wp.com/www.biltong.co.za/wp-content/uploads/2017/09/crunchtime_beauty.png?fit=1900%2C1600&ssl=1,,,,,,
https://media.wired.com/photos/5b493b6b0ea5ef37fa24f6f6/master/pass/meat-80049790.jpg,,,,,,
https://www.irishtimes.com/polopoly_fs/1.3525510.1528559647!/image/image.jpg_gen/derivatives/box_620_330/image.jpg,,,,,,
https://cdn.i-scmp.com/sites/default/files/styles/1200x800/public/d8/images/methode/2019/09/06/70579ef6-bdae-11e9-8f25-9b5536624008_image_hires_111044.jpg?itok=wIr-VuN7&v=1567739451,,,,,,
https://thespinoff.co.nz/wp-content/uploads/2018/04/mad3.jpg,,,,,,
https://assets1.progressivegrocer.com/files/styles/content_sm/s3/2018-08/18TFMBS140_Inline_Image_500x500_DR_beef%20%281%29.jpg?itok=HAIcIxsr,,,,,,
https://static.independent.co.uk/s3fs-public/thumbnails/image/2017/06/30/10/istock-483027918.jpg?w968h681,,,,,,
https://cdn-a.william-reed.com/var/wrbm_gb_food_pharma/storage/images/publications/food-beverage-nutrition/foodnavigator-asia.com/headlines/food-safety/convincing-research-links-increasing-red-meat-intake-with-heightened-risk-of-death/9868511-1-eng-GB/Convincing-research-links-increasing-red-meat-intake-with-heightened-risk-of-death_wrbm_large.jpg,,,,,,
https://cdn.shopify.com/s/files/1/1891/6405/products/shop-online-from-australia-meat-boneless-rib-eye-steak-raised-without-antibiotics-fresh-food-in-dubai-and-abu-dhabi-24624570190.jpg?v=1536788642,,,,,,
https://images.theconversation.com/files/279285/original/file-20190613-32351-b3p1tg.jpg?ixlib=rb-1.1.0&q=45&auto=format&w=496&fit=clip,,,,,,
https://i0.wp.com/www.easttexasmatters.com/wp-content/uploads/sites/34/2019/07/raw-beef.jpg?resize=2560%2C1440&ssl=1,,,,,,
https://www.meat-online.co.za/wp-content/uploads/2016/07/rump-steak-600x401.jpg,,,,,,
https://cnet3.cbsistatic.com/img/0_JJpx60vdtjqy518ujuiPLEqq8=/470x264/2019/05/15/c1d27c49-0b41-4224-87eb-7dd081a075c5/best-meat-delivery-subscriptions-snake-river-farm-american-wagyu-chowhound.jpg,,,,,,
https://akm-img-a-in.tosshub.com/indiatoday/images/story/201908/meat-3139641_960_720-770x433.jpeg?PHLHm1hZExAMjXt2GLycqQ2Wt8jA5v7O,,,,,,
https://cdn.website.thryv.com/e51b78a0e21241d4b81ad95b09b9a888/dms3rep/multi/desktop/935316446.jpg,,,,,,
https://wholesalemeatscoventry.co.uk/wp-content/uploads/2015/12/Family-Pack-min.jpg,,,,,,
https://hips.hearstapps.com/hmg-prod.s3.amazonaws.com/images/gettyimages-596443642-1560532197.jpg?crop=1xw:1xh,center,top&resize=480:*,,,,
https://cdn.shopify.com/s/files/1/1078/0310/products/meat-beef-stew-cut-1-x-1-inch-cubes-fresh-1_1024x1024.jpg?v=1480680972,,,,,,
https://www.biznews.com/wp-content/uploads/2015/10/Red-Meat.jpg,,,,,,
https://i1.wp.com/lenews.ch/wp-content/uploads/2019/08/Raw-meat_%C2%A9-Vadim-Lerner-_-Dreamstime.com_.jpg?fit=644%2C400&ssl=1,,,,,,
https://www.sciencemediacentre.co.nz/wp-content/upload/2018/07/Butchers-Counter-450056783_1286x817.jpeg,,,,,,
https://static.independent.co.uk/s3fs-public/thumbnails/image/2014/07/15/14/zebra4.jpg?w968h681,,,,,,
https://images2.minutemediacdn.com/image/upload/c_crop,h_2067,w_3674,x_0,y_254/f_auto,q_auto,w_1100/v1554740939/shape/mentalfloss/539787-istock-157604381.jpg
https://static.wixstatic.com/media/96f309_24fc9ca8bd3f4f58b55a5150910341ce~mv2.png/v1/fill/w_640,h_422,al_c,q_80,usm_0.66_1.00_0.01/3-steaks_2.webp,,
https://s.hdnux.com/photos/01/05/24/61/18173029/3/920x920.jpg,,,,,,
https://upload.wikimedia.org/wikipedia/commons/e/e9/French_meat_0006.JPG,,,,,,
https://s.yimg.com/ny/api/res/1.2/hKK2F8M2v9gmuP6deQD_ng--~A/YXBwaWQ9aGlnaGxhbmRlcjtzbT0xO3c9ODAw/http://media.zenfs.com/en/homerun/feed_manager_auto_publish_494/a248b248c8317d7f992296a1fefdc733,,,,,,
https://biz-file.com/c/1711/418262-625x325.jpg?2,,,,,,
https://www.telegraph.co.uk/content/dam/news/2016/03/24/meat_2491302b_trans_NvBQzQNjv4BqpJliwavx4coWFCaEkEsb3kvxIt-lGGWCWqwLa_RXJU8.jpg?imwidth=450,,,,,,
https://d18lkz4dllo6v2.cloudfront.net/cumulus_uploads/entry/2018-11-21/Ethical%20Meat.jpg?pw=1200,,,,,,
https://media.naheed.pk/catalog/product/cache/49dcd5d85f0fa4d590e132d0368d8132/1/1/1173800-1.jpg,,,,,,
https://i0.wp.com/images-prod.healthline.com/hlcmsresource/images/July-18/8319-beef_stack-1296x728-header.jpg?w=1155,,,,,,
https://images.fastcompany.net/image/upload/w_1280,f_auto,q_auto,fl_lossy/wp-cms/uploads/2018/01/p-4-our-clean-meat-future-will-be-radicaland8211but-also-inevitable.jpg,,,
https://cdn.vox-cdn.com/thumbor/6NVLZLLGZlxTQZbhuuFwoDYwrpQ=/0x0:8000x6000/1200x800/filters:focal(0x0:8000x6000)/cdn.vox-cdn.com/uploads/chorus_image/image/46777028/shutterstock_275683796.0.0.jpg,,,,,,
https://www.carbonbrief.org/wp-content/uploads/2019/04/offal-liver-heart-J2N7NR-1550x804.jpg,,,,,,
https://www.abelandcole.co.uk/media/6715_16559_z.jpg,,,,,,
https://www.ft.com/__origami/service/image/v2/images/raw/https%3A%2F%2Fs3-ap-northeast-1.amazonaws.com%2Fpsh-ex-ftnikkei-3937bb4%2Fimages%2F8%2F0%2F7%2F7%2F22697708-1-eng-GB%2Fimpossible%20meat.jpg?source=nar-cms,,,,,,
https://img.etimg.com/thumb/msid-63413471,width-643,imgsize-391266,resizemode-4/think-twice-before-you-gorge-on-grilled-meat-it-can-make-your-bp-levels-soar.jpg,,,
https://www.dw.com/image/49447884_303.jpg,,,,,,
https://cdn.britannica.com/72/143572-050-87DF1262/pork-butcher-shop-Hong-Kong.jpg,,,,,,
https://cdn.shopify.com/s/files/1/1873/0715/files/LambCutlets_Raw_OnDark1_M_RL_2048x.JPG?v=1559883704,,,,,,
https://news.images.itv.com/image/file/1744993/stream_img.jpg,,,,,,
https://static.wixstatic.com/media/e6032e_9ef8266a98e94930ad1a235945bb6edd~mv2.jpg/v1/fill/w_560,h_448,al_c,q_80,usm_0.66_1.00_0.01/test%20.webp,,
https://i0.wp.com/www.biltong.co.za/wp-content/uploads/2017/08/carnivore_pack.png?fit=1900%2C1600&ssl=1,,,,,,
https://images.squarespace-cdn.com/content/v1/5192b165e4b0b5a13a6109cb/1552580367255-JO1ODI0OXGL91UBYSG4P/ke17ZwdGBToddI8pDm48kMFiMyT1nneRMhnmfuSfpxZ7gQa3H78H3Y0txjaiv_0fDoOvxcdMmMKkDsyUqMSsMWxHk725yiiHCCLfrh8O1z4YTzHvnKhyp6Da-NYroOW3ZGjoBKy3azqku80C789l0mlM0or4nqX7jrn5yWu0hA1QXedaIFqnAbw_tQShHbKg4-O_KAc44ak5jGzrnn7f3A/Product_49.JPG?format=2500w,,,,,,
https://cdn.apartmenttherapy.info/image/fetch/f_jpg,q_auto:eco,c_fill,g_auto,w_1500,ar_1:1/https%3A%2F%2Fstorage.googleapis.com%2Fgen-atmedia%2F3%2F2008%2F08%2F256bcd631df0a49d24b03a30cad403298c93f6f0.jpeg,
https://i.dailymail.co.uk/1s/2019/09/28/21/19054270-0-image-a-1_1569703462340.jpg,,,,,,
https://www.elite-meat.co.uk/wp-content/uploads/2018/03/elite_2.png,,,,,,
https://cdn.i-scmp.com/sites/default/files/styles/1200x800/public/d8/images/methode/2019/07/10/f835c264-9f07-11e9-baa5-dd214ed0de8f_image_hires_234441.jpg?itok=MINMvNjM&v=1562773494,,,,,,
https://ichef.bbci.co.uk/images/ic/1376x774/p072rks3.jpg,,,,,,
https://timesofindia.indiatimes.com/thumb/msid-69800992,width-800,height-600,resizemode-4/69800992.jpg,,,
http://www.ashleymarketplace.com/wp-content/uploads/2013/05/Meat-1.jpg,,,,,,
https://images.7news.com.au/publication/C-459283/063cfc74ef6258fc42ceecf980f48adf94dfe7eb-16x9-x0y0w1536h864.png?imwidth=650&impolicy=sevennews_v2,,,,,,
https://fwi-wp-assets-live.s3-eu-west-1.amazonaws.com/sites/1/2019/09/240919-Scottish-Lamb-joints.jpg,,,,,,
https://news.harvard.edu/wp-content/uploads/2019/06/iStock-1141210022.jpg?w=1200&h=800&crop=1,,,,,,
https://upload.wikimedia.org/wikipedia/commons/a/ae/FoodMeat.jpg,,,,,,
http://ichef.bbci.co.uk/images/ic/640x360/p0285y3n.jpg,,,,,,
https://i.kinja-img.com/gawker-media/image/upload/s--2d0C_yRD--/c_scale,f_auto,fl_progressive,q_80,w_800/ljcjwjp2jtqabcxhmwfy.jpg,,
https://media-cdn.tripadvisor.com/media/photo-s/15/dd/20/61/al-punto.jpg,,,,,,
https://images.squarespace-cdn.com/content/v1/5192b165e4b0b5a13a6109cb/1552588718167-0I071UN6OR8E3J7OFY00/ke17ZwdGBToddI8pDm48kB6N0s8PWtX2k_eW8krg04V7gQa3H78H3Y0txjaiv_0fDoOvxcdMmMKkDsyUqMSsMWxHk725yiiHCCLfrh8O1z5QPOohDIaIeljMHgDF5CVlOqpeNLcJ80NK65_fV7S1URWK2DJDpV27WG7FD5VZsfFVodF6E_6KI51EW1dNf095hdyjf10zfCEVHp52s13p8g/7BaL6fNQ.jpeg?format=2500w,,,,,,
https://www.biomerieux-industry.com/sites/default/files/styles/image_large_1440_x_660_/public/2019-05/SSG-FAH-meat-rawBeef_0.jpg?itok=P1HF-NfB,,,,,,
https://www.theeastafrican.co.ke/image/view/-/5196342/highRes/2395966/-/mknty6z/-/tfmeat.jpg,,,,,,
https://cdn.shopify.com/s/files/1/0391/7709/products/Wild_Meat_Company72.jpg?v=1535643510,,,,,,
https://fsmedia.imgix.net/b0/7c/ea/d9/f8a5/401b/816c/55e041236f65/photo-1551028150-64b9f398f678jpg.jpeg?rect=0%2C439%2C5616%2C2806&auto=format%2Ccompress&dpr=2&w=650,,,,,,
https://cdn.psychologytoday.com/sites/default/files/styles/amp_metadata_content_image_min_1200px_wide/public/field_blog_entry_teaser_image/2019-04/the_brain_needs_meat_-_meat_head-144x144-571_22-619_619.jpg?itok=ppMMm5M9,,,,,,
https://www.oxfordmartin.ox.ac.uk/images/_810x540_crop_center-center_none/AdobeStock_nilo_meat.jpg,,,,,,
http://www.gallowayfamilybutchers.co.uk/wp-content/uploads/2016/04/mini-protein-pack.jpg,,,,,,
https://wi-images.condecdn.net/image/Qp0zW14pmqD/crop/1620/f/steak2.jpg,,,,,,
https://static.independent.co.uk/s3fs-public/thumbnails/image/2016/08/02/12/steak.jpg?w968h681,,,,,,
https://img.webmd.com/dtmcms/live/webmd/consumer_assets/site_images/articles/health_tools/what_you_should_know_about_processed_meat_slideshow/493ss_thinkstock_rf_variety_of_deli_meats_on_wooden_cutting_board.jpg,,,,,,
https://media.naheed.pk/catalog/product/cache/49dcd5d85f0fa4d590e132d0368d8132/1/1/1174141-1.jpg,,,,,,
http://i.hurimg.com/i/hdn/75/0x0/5d4c2f83c03c0e21e8f7b495.jpg,,,,,,
https://assets.graydientcreative.com/files/outlets/meats-by-linz/assortment_trans_ourstand1200.png,,,,,,
https://nationalpostcom.files.wordpress.com/2019/08/gettyimages-535786572.jpg?quality=80&strip=all&w=780,,,,,,
https://cdn.shopify.com/s/files/1/0016/1755/9588/products/meat_box_selection_2048x2048.jpg?v=1558728103,,,,,,
http://cdn.shopify.com/s/files/1/0027/9645/3961/products/Beef_Rib_Eye_shopify_grande.jpg?v=1539137742,,,,,,
https://static.euronews.com/articles/stories/04/08/03/00/602x338_cmsv2_87279ed9-f1d4-5f92-b071-45d5b97fe0a9-4080300.jpg,,,,,,
https://www.sciencealert.com/images/2018-09/processed/102-carnivore-diet_600.jpg,,,,,,
http://donsmeatscenterville.com/wp-content/uploads/2016/08/butcher_choice_assorted_meats.jpg,,,,,,
https://images.ctfassets.net/lufu0clouua1/4IhgJtoTW0I4euseGAuAGo/051986dfc7d4410cebc6c4ed35fd42d6/raw-meat.jpg,,,,,,
https://cdn.shopify.com/s/files/1/1110/0048/products/BeefTomahawkSteak2018-MARCH_3_2048x2048.jpg?v=1521716019,,,,,,
https://cdn.prod-carehubs.net/n1/802899ec472ea3d8/uploads/2019/07/shutterstock_621848267_Fotor-16x9.jpg,,,,,,
https://inteng-storage.s3.amazonaws.com/images/AUGUST/sizes/Clean_Meat_Regulation_I-2_resize_md.jpg,,,,,,
https://i2.wp.com/metro.co.uk/wp-content/uploads/2018/11/sei_38669555-3278.jpg?quality=90&strip=all&zoom=1&resize=644%2C429&ssl=1,,,,,,
https://static.wixstatic.com/media/be55fa_44466ca34e3149e7860cc5f9ea20ef25~mv2.gif,,,,,,
https://images.summitmedia-digital.com/yummyph/images/2016/08/18/grocery-shopping-meat.jpg,,,,,,
https://36iusc2tb88y2g492si2bqd1-wpengine.netdna-ssl.com/wp-content/uploads/2016/09/meat-1.jpg,,,,,,
https://images.theconversation.com/files/200826/original/file-20180104-26169-xpun6.jpg?ixlib=rb-1.1.0&q=45&auto=format&w=496&fit=clip,,,,,,
https://img.etimg.com/thumb/height-450,width-800,imgsize-822587,msid-68043360/you-could-get-to-eat-clean-meat-in-india-by-next-year.jpg,,,
http://www.sausages.co.uk/WebRoot/Eclipse/Shops/530073/56F4/42ED/B254/4B52/8511/0A33/658A/0C22/protien_rich_pack_ml.jpg,,,,,,
https://cdn-b.william-reed.com/var/wrbm_gb_hospitality/storage/images/publications/hospitality/morningadvertiser.co.uk/article/2019/09/23/what-do-customers-want-to-know-about-the-meat-on-pub-menus/3171263-1-eng-GB/What-do-customers-want-to-know-about-the-meat-on-pub-menus_wrbm_large.jpg,,,,,,
https://media.boingboing.net/wp-content/uploads/2018/01/20171218172310_94935.jpg,,,,,,
http://thescienceexplorer.com/sites/thescienceexplorer.com/files/styles/content_image__large/public/blog/beef-3464_640.jpg?itok=qLdxa7vD&timestamp=1447713827,,,,,,
https://ichef.bbci.co.uk/news/660/cpsprodpb/114F9/production/_103250907_gettyimages-75903676.jpg,,,,,,
https://meatandcleaver.co.uk/wp-content/uploads/2019/06/prime-traeger-meat-box-3.jpg,,,,,,
https://www.campbellsmeat.com/images/products/large_vertical/1562072274Silverside.jpg,,,,,,
https://apmeats.co.uk/media/catalog/product/cache/1/image/600x600/17f82f742ffe127f42dca9de82fb58b1/_/3/_35_meat_hamper_with_logo.jpg,,,,,,
https://embed.widencdn.net/img/beef/lwh0bfs3nr/1120px/Butcher%201026.jpg?keep=c&u=nvwl20,,,,,,
https://www.eversfieldorganic.co.uk/csi/1202487296/i/bnr/butchers-min.png?_t=18831423,,,,,,
https://ewscripps.brightspotcdn.com/dims4/default/15d3a1d/2147483647/strip/true/crop/5590x3144+0+330/resize/1280x720!/quality/90/?url=https%3A%2F%2Fewscripps.brightspotcdn.com%2Fd0%2Ffa%2Fb919d4484df682d398fc481f1542%2Fbeef-beef-chuck-beef-steak-1539684.jpg,,,,,,
https://i0.wp.com/metro.co.uk/wp-content/uploads/2018/03/img_3231-e1522403790231.jpg?quality=90&strip=all&zoom=1&resize=540%2C404&ssl=1,,,,,,
https://i0.wp.com/images-prod.healthline.com/hlcmsresource/images/AN_images/is-red-meat-bad-for-you-or-good-1296x728-feature.jpg?w=1155&h=1528,,,,,,
https://inteng-storage.s3.amazonaws.com/img/iea/MRw4X2YNw1/sizes/beyond-meat-fake-bacon-ie_resize_md.jpg,,,,,,
https://cdn.theatlantic.com/assets/media/img/mt/2014/05/MEAT_bfs_excerpt-1/lead_720_405.png?mod=1533691670,,,,,,
https://www.bangkokbobs.com/wp-content/uploads/2019/08/wallmeat4.jpg,,,,,,
http://nebula.wsimg.com/b7b174e247f91e78fc05dce57d9b4497?AccessKeyId=6388F3150D2619C6FC9D&disposition=0&alloworigin=1,,,,,,
https://www.dw.com/image/49951476_303.jpg,,,,,,
https://www.gallowayfamilybutchers.co.uk/wp-content/uploads/2014/11/protein-meat-pack.jpg,,,,,,
https://www.primalmeats.co.uk/wp-content/uploads/2017/08/Monthly-surprise-meat-box-compressed.png,,,,,,
https://www.medicalnewstoday.com/content/images/articles/311/311664/chunk-of-red-meat.jpg,,,,,,
https://www.health.harvard.edu/media/content/images/p8_RedMat_HL1909_gi481824576.jpg,,,,,,
https://www.tomhixson.co.uk/media/wysiwyg/all-cuts-of-meat---copy.jpg,,,,,,
https://i.kinja-img.com/gawker-media/image/upload/s--vYs-v9bX--/c_scale,f_auto,fl_progressive,q_80,w_800/xmtqkobnwdi1llexbsdi.jpg,,
https://singularityhub.com/wp-content/uploads/2019/07/variety-prime-raw-meat-food-and-agriculture-shutterstock-1031664391-1068x601.jpg,,,,,,
https://amp.businessinsider.com/images/5b1806071ae6621f008b4934-750-563.jpg,,,,,,
https://www.nutritionadvance.com/wp-content/uploads/2017/05/types-of-meat.jpg,,,,,,
https://assets.bonappetit.com/photos/5d19fdbf2ee73e00095436af/master/pass/Basically-Hoagie-Meat.jpg,,,,,,
https://article.images.consumerreports.org/prod/content/dam/special-graphics/meatstackWeb-100,,,,,,
https://www.cancerwa.asn.au/image.php?file=art/rta/reduce_your_risk/red-meat-15516222487-min.jpg&width=600&height=600,,,,,,
https://media.nbclosangeles.com/images/652*367/GettyImages-1132242794.jpg,,,,,,
https://i1.wp.com/www.biltong.co.za/wp-content/uploads/2017/09/Beef-Mince-5kg.jpg?fit=1900%2C1600&ssl=1,,,,,,
https://cdn.newsapi.com.au/image/v1/05be60b10193fd3e36b69edc6ccdc1f8,,,,,,
https://images.squarespace-cdn.com/content/v1/5192b165e4b0b5a13a6109cb/1552588479242-YFI5T66DTDALFEUYTTHO/ke17ZwdGBToddI8pDm48kB6N0s8PWtX2k_eW8krg04V7gQa3H78H3Y0txjaiv_0fDoOvxcdMmMKkDsyUqMSsMWxHk725yiiHCCLfrh8O1z5QPOohDIaIeljMHgDF5CVlOqpeNLcJ80NK65_fV7S1URWK2DJDpV27WG7FD5VZsfFVodF6E_6KI51EW1dNf095hdyjf10zfCEVHp52s13p8g/CGBnzCXQ.jpeg?format=2500w,,,,,,
http://jrmeats.com/wp-content/uploads/2013/01/JRMeats-Meat.png,,,,,,
http://www.meat.lt/wp-content/uploads/2016/02/front3.jpg,,,,,,
https://www.elite-meat.co.uk/wp-content/uploads/2018/03/elite_1.png,,,,,,
https://media.gettyimages.com/photos/frozen-steak-picture-id80049790?s=612x612,,,,,,
https://media.gq.com/photos/586d83a72b7fa5e464f03f5c/master/w_6144,h_4096,c_limit/3-GQ-red-meat-stop-eating-healthy-alternatives.jpg,,,,
https://fwi-wp-assets-live.s3-eu-west-1.amazonaws.com/sites/1/2019/07/120719-pork-shutterstock_editorial_10041972i.jpg,,,,,,
https://www.edesmeats.com/wp-content/uploads/2017/07/1855-Ribeye-.jpeg,,,,,,
https://media.dhakatribune.com/uploads/2018/05/meat-1526892251965.jpg,,,,,,
https://www.oxfordmartin.ox.ac.uk/images/_810x540_crop_center-center_none/AdobeStock_163630231_Supermarket_Meat.jpg,,,,,,
https://www.chathamnewsrecord.com/uploads/original/20190903-170057-FRO_FARM_TO_FORK_02_2222_090519.jpg,,,,,,
https://cdn.apartmenttherapy.info/image/fetch/f_jpg,q_auto:eco,c_fill,g_auto,w_1500,ar_1:1/https%3A%2F%2Fstorage.googleapis.com%2Fgen-atmedia%2F3%2F2009%2F03%2F5d94a9d4c7d2144e9d678f398b40fd6ceeb104e1.jpeg,
https://sa.kapamilya.com/absnews/abscbnnews/media/2019/news/09/26/20190926-meat-bacolod.jpg?ext=.jpg,,,,,,
https://content.fortune.com/wp-content/uploads/2018/01/meat-america-2018.jpg,,,,,,
https://images-na.ssl-images-amazon.com/images/I/9198qUVjjdL._SL1500_.jpg,,,,,,
https://www.kget.com/wp-content/uploads/sites/2/2019/09/bigstock-Raw-Sirloin-Beef-Steak-In-Plas-267419863.jpg?w=2560&h=1440&crop=1,,,,,,
https://apmeats.co.uk/media/catalog/product/cache/1/image/600x600/17f82f742ffe127f42dca9de82fb58b1/m/e/meat_for_a_month_with_logo.jpg,,,,,,
https://dam.farmjournal.com/m/6781e03169f5891e/webimage-7A8BB61E-6C6C-4FED-A25F6448560193EB.png,,,,,,
https://www.thesun.co.uk/wp-content/uploads/2018/11/ac-graphic-meat-price.jpg,,,,,,
https://www.iatp.org/sites/default/files/styles/banner/public/2018-04/courtesy%20phototram.jpg?itok=ZeIhOZu1,,,,,,
http://makabago.com/3215-large_default/Sudadera-meat.jpg,,,,,,
https://specials-images.forbesimg.com/imageserve/1141353607/960x0.jpg?fit=scale,,,,,,
https://www.standardmedia.co.ke/images/friday/oxmczypqxovahmpq0i5d321f14186f4.png,,,,,,
http://maltesegrocery.ca/wp-content/uploads/2017/03/image-meat.jpg,,,,,,
https://assets.nhs.uk/prod/images/A_1117_slices-of-meat_D4MFEY.2e16d0ba.fill-640x229.jpg,,,,,,
https://cdn.cnn.com/cnnnext/dam/assets/190905171401-packaged-beef-large-169.jpg,,,,,,
https://www.cleanmeats.com.au/wp-content/uploads/2019/05/cultured-cell-lab-meat-758x381.jpeg,,,,,,
https://static.toiimg.com/photo/68833314.cms,,,,,,
https://www.euractiv.com/wp-content/uploads/sites/2/2019/09/shutterstock_554819611-800x450.jpg,,,,,,
https://www.businesstimes.com.sg/sites/default/files/styles/article_img/public/image/2019/08/14/nz_redmeat_140855_0.jpg?itok=rpIcA7zr,,,,,,
https://static.independent.co.uk/s3fs-public/thumbnails/image/2016/04/27/11/red-meat.jpg?w968h681,,,,,,
https://images.livemint.com/img/2019/08/09/600x338/meat-kG6F--621x414@LiveMint_1565318807319.jpg,,,,,,
https://cbsnews2.cbsistatic.com/hub/i/r/2019/06/13/9b451904-a9a2-4974-b25d-0fca8f636392/thumbnail/1200x630/7cf21371aaf1eab90b580b01e9ba3c15/raised-rooted-blended-patties-packaging.png,,,,,,
https://i.ytimg.com/vi/kReHrebnzzc/maxresdefault.jpg,,,,,,
https://dmrqkbkq8el9i.cloudfront.net/Pictures/480xany/2/8/7/168287_beefmeatsteak_677125.jpg,,,,,,
https://www.etherington-meats.co.uk/wp-content/uploads/2018/01/Cheese-Board-2-2580x1400.jpg,,,,,,
https://cdn.vox-cdn.com/thumbor/yc3s_KjudgGVjTbeZrrwPvrQhTA=/0x0:2889x1926/1200x900/filters:focal(1214x732:1676x1194)/cdn.vox-cdn.com/uploads/chorus_image/image/63089401/20120128-_Minetta_cote_.0.0.jpg,,,,,,
https://cdn.vox-cdn.com/thumbor/KGLkbBLUJ2ChwmVmD5v9gVf5SWg=/0x0:1400x1847/1200x800/filters:focal(582x1132:806x1356)/cdn.vox-cdn.com/uploads/chorus_image/image/65111097/kfc.0.jpg,,,,,,
https://www.primalmeats.co.uk/wp-content/uploads/2019/04/Only-the-best-box-2.png,,,,,,
https://nnimgt-a.akamaihd.net/transform/v1/crop/frm/GJZ5TVpAk84wrTzsQfLQRB/4ce8eba6-090f-4711-8365-54e3bd4d56fc.jpg/r0_0_1920_1079_w1200_h678_fmax.jpg,,,,,,
https://db0ip7zd23b50.cloudfront.net/dims4/default/a4e1bcc/2147483647/crop/3984x1531%2B0%2B783/resize/959x369%3E/quality/90/?url=http%3A%2F%2Fbloomberg-bna-brightspot.s3.amazonaws.com%2Fc4%2F09%2F019a752f490dbb01c75220289aa8%2Fmeat.jpg,,,,,,
https://cdn.shopify.com/s/files/1/1110/0048/products/iStock-139674218_2048x2048.jpg?v=1484631021,,,,,,
https://cefs.ncsu.edu/wp-content/uploads/CMC-Web-event-05.jpg,,,,,,
http://www.gabrielmachin.co.uk/wp-content/uploads/2015/11/Machins-meat-cuts.jpg,,,,,,
https://hips.hearstapps.com/hmg-prod.s3.amazonaws.com/images/freezer-royalty-free-image-537076599-1548198174.jpg?crop=1.00xw:0.668xh,0,0.159xh&resize=480:*,,,,
https://www.gannett-cdn.com/presto/2019/01/23/USAT/065cc39e-e811-46ce-b40e-8a6c455ea9a9-CleanMeatsThumbnail01.png,,,,,,
https://images.wsj.net/im-102769?width=620&size=1.5,,,,,,
https://upload.wikimedia.org/wikipedia/commons/thumb/4/4d/Raw_beef_slices.jpg/1200px-Raw_beef_slices.jpg,,,,,,
https://static01.nyt.com/images/2019/09/23/multimedia/23SP-MEAT-INYT/merlin_156255222_8fc1e1e6-42c7-48e9-9e71-306f648adc2b-articleLarge.jpg?quality=75&auto=webp&disable=upscale,,,,,,
https://upload.brickinc.net/chainfiles/75/creative/201602/635920011245258203-contentgraphics_meat_meatcase.jpg,,,,,,
https://s3-eu-west-1.amazonaws.com/eversfieldorganiccouk/i/pmi/organic_beef_picanha_steaks.jpg?_t=1951714158,,,,,,
https://cdn.livekindly.co/wp-content/uploads/2019/08/vegan-plant-based-news-beef-1068x601.jpg,,,,,,
https://images.squarespace-cdn.com/content/v1/5d2dc0a01cf5630001e48277/1563280147529-M18MZJQU8016OB7WITSR/ke17ZwdGBToddI8pDm48kAZqPI_sRnAhRmBQkNW1BWh7gQa3H78H3Y0txjaiv_0fDoOvxcdMmMKkDsyUqMSsMWxHk725yiiHCCLfrh8O1z4YTzHvnKhyp6Da-NYroOW3ZGjoBKy3azqku80C789l0o8OMvY5tuV_wqZQCqqStn6PasWcJ-3AlSfFt61rzM47Qj0KffRBBJEyp8jgGtyHbQ/image-asset.jpeg?format=1500w,,,,,,
https://www.telegraph.co.uk/content/dam/health-fitness/2019/09/05/TELEMMGLPICT000207716872_trans_NvBQzQNjv4BqpVlberWd9EgFPZtcLiMQfyf2A9a6I9YchsjMeADBa08.jpeg?imwidth=450,,,,,,
https://www.halendas.com/wp-content/uploads/sites/246/2018/04/halendas-meats-durham-region-top-butcher-1024x1024.jpg,,,,,,
https://www.fairfaxmeadow.co.uk/images/meat-img-4.jpg,,,,,,
https://i1.wp.com/metro.co.uk/wp-content/uploads/2019/06/PRI_70193769.jpg?quality=90&strip=all&zoom=1&resize=540%2C565&ssl=1,,,,,,
https://i.dietdoctor.com/wp-content/uploads/2019/01/Cut-red-meat-eating-by-80-percent-to-save-the-planet.jpg?auto=compress%2Cformat&w=1600&h=900&fit=crop,,,,,,
https://thespoon.tech/wp-content/uploads/2019/05/Beyond-Beef_Raw.jpg,,,,,,
https://baysmeatmarket.com/newsite/wp-content/uploads/2018/05/variety-meat-group-img1.jpg,,,,,,
https://rhug.co.uk/imager/content/images/8911/counter-small_bf4a4ae283158ece51567b39bdf4c78a.png,,,,,,
https://cdn.cnn.com/cnnnext/dam/assets/151026174655-processed-meat-bowel-cancer-orig-00000000-exlarge-169.jpg,,,,,,
https://ichef.bbci.co.uk/news/660/cpsprodpb/112E2/production/_104207307_gettyimages-472093755.jpg,,,,,,
https://sifu.unileversolutions.com/image/en-GB/original/2/knorr-gluten-free-gravy-granules-for-meat-dishes-25l-50402445.png,,,,,,
https://amp.thenational.ae/image/policy:1.748490:1564640399/LFxx-JUL-meat-free.jpg?f=16x9&w=1200&$p$f$w=0b19595,,,,,,
https://www.peacearchnews.com/wp-content/uploads/2019/07/17817638_web1_190723-BPD-M-Beef.jpg,,,,,,
http://dunnesfarmhousefoods.com/wp-content/uploads/2017/02/fresh-meat-pack.png,,,,,,
http://westilkerton.co.uk/public/images/west-ilkerton-lamb-box-rolled-breast-but-our-meat-header.jpg,,,,,,
https://www.heartfoundation.org.au/images/made/images/uploads/main/Meat-poultry-and-seafood_800_480_85_s_c1.jpg,,,,,,
https://www.washingtonpost.com/resizer/j5rtfJo8f5es20aYCfy7w2dQZKA=/1484x0/arc-anglerfish-washpost-prod-washpost.s3.amazonaws.com/public/O6AWZY5UHMZJDBH2AYOBSZAE3I.jpg,,,,,,
https://s3-us-west-1.amazonaws.com/contentlab.studiod/getty/028f8742374e428bb2dab2b8df018994.jpg,,,,,,
https://d227jq41l2nz5q.cloudfront.net/media_items/original/Wagyu.jpg?1544471779,,,,,,
https://d2imri64gxn369.cloudfront.net/media/catalog/product/cache/1/image/9df78eab33525d08d6e5fb8d27136e95/d/b/dbsbxxxx_lamb_stew_dsc06159.jpg,,,,,,
https://cnet4.cbsistatic.com/img/MhleGC400FdYW3nGQyHjoryl0sE=/1092x0/2019/04/04/3f9727c4-7d9f-4c92-94de-f74dbfec394e/impossibleburger.jpg,,,,,,
https://www.grasmere-farm.co.uk/wp-content/uploads/2019/03/Half-Pig-Meat-Box.jpg,,,,,,
https://eatsplorations.files.wordpress.com/2018/11/quezon-city-eats-meat-all-you-can-at-yoshimeatsu-8.jpg?w=1200,,,,,,
https://images-prod.healthline.com/hlcmsresource/images/AN_images/AN423-Raw-Steak-732x549-thumb.jpg,,,,,,
https://www.buyacow.uk/images/package-contents/premium/stir-fry-strips-2.jpg,,,,,,
https://uploads.zoobio.de/resize/products/2018_09_12/5b98ca8a8e8c5_1070x1000.jpg,,,,,,
https://images.unsplash.com/photo-1547637205-fde0c9011f9d?ixlib=rb-1.2.1&ixid=eyJhcHBfaWQiOjEyMDd9&auto=format&fit=crop&w=1000&q=80,,,,,,
http://www.thetimes.co.uk/imageserver/image/methode%2Ftimes%2Fprod%2Fweb%2Fbin%2F2981ca78-ab72-11e8-aa49-f23497b9293e.jpg?crop=5349%2C3009%2C122%2C725&resize=685,,,,,,
https://upload.wikimedia.org/wikipedia/commons/thumb/c/c3/Blade_steak.jpg/220px-Blade_steak.jpg,,,,,,
https://thenypost.files.wordpress.com/2019/09/beef.jpg?quality=90&strip=all&w=618&h=410&crop=1,,,,,,
https://www.leeds.ac.uk/images/supermarket_web.jpg,,,,,,
https://smithsdirect.co.uk/image/cache/catalog/product/luxury-protein-pack-2018-550x550.jpg,,,,,,
https://5.imimg.com/data5/SJ/BX/MY-35620512/goats-meat-500x500.jpg,,,,,,
http://i.dawn.com/primary/2016/06/575d02026a5d5.png,,,,,,
https://wholesalemeatscoventry.co.uk/wp-content/uploads/2015/12/Slimming-Pack-min.jpg,,,,,,
https://inews.co.uk/images-i.jpimedia.uk/imagefetch/https://inews.co.uk/wp-content/uploads/2019/06/GettyImages-75883096.jpg?width=640,,,,,,
https://cdn.bmstores.co.uk/images/hpcProductImage/imgFull/336283-babek-tikka-kebab-meat-600g-2.jpg,,,,,,
https://www.themeatguy.jp/media/wysiwyg/cookingstudio/recipe/bbq_07/01_bbq_smoke.jpg,,,,,,
https://dandmmeats.co.uk/wp-content/uploads/2016/04/Quality-Meat-Worcester.jpg,,,,,,
http://www.firstchoicefs.co.uk/wp-content/uploads/2015/12/iS-16126567-Raw-beef-stew_HR_redu-cropped.jpg,,,,,,
https://www1.cbn.com/sites/default/files/styles/video_ratio_16_9/public/media/slider/images/labmeat_hdv.jpg?itok=8m22tTTN,,,,,,
https://static.independent.co.uk/s3fs-public/thumbnails/image/2016/02/18/00/web-bacon-getty.jpg?w968h681,,,,,,
https://www.besseysmeatmarket.com/images/slides/steaks.jpg,,,,,,
https://dorismarket.com/wp-content/uploads/2018/11/DSC1541-1000x380xc.jpg,,,,,,
https://cdn-image.realsimple.com/sites/default/files/styles/medium_2x/public/1505934223/frozen-red-meat.jpg?itok=WxJDueTE,,,,,,
https://media2.foxnews.com/BrightCove/694940094001/2019/01/17/694940094001_5990672010001_5990666997001-vs.jpg,,,,,,
https://images.barrons.com/im-71432?width=620&size=1.5,,,,,,
https://s3.amazonaws.com/cms.ipressroom.com/285/files/20196/5d37a4052cfac25b7c8e052e_Beyond+Sausage+Breakfast+Sandwich_Lifestyle/Beyond+Sausage+Breakfast+Sandwich_Lifestyle_9e664922-d84c-47cc-9561-99a70d3cce9e-prv.jpg,,,,,,
https://www.abc.net.au/news/image/11202174-3x2-700x467.jpg,,,,,,
https://pampitameatshop.com/wp-content/uploads/2017/01/home_1.jpg,,,,,,
https://cdn-a.william-reed.com/var/wrbm_gb_food_pharma/storage/images/publications/food-beverage-nutrition/globalmeatnews.com/headlines/livestock/red-meat-levy-solution-urged/8603950-1-eng-GB/Red-meat-levy-solution-urged_wrbm_large.jpg,,,,,,
https://www.meat-online.co.za/wp-content/uploads/2016/07/0391T-BONE-STEAKS.jpg,,,,,,
https://images1.phoenixnewtimes.com/imager/u/original/8922412/prime_standing_rib_roast_frenchs_meat_shoppe.jpg,,,,,,
https://www.newfoodmagazine.com/wp-content/uploads/meat.jpg,,,,,,
https://media.wired.com/photos/5c676ecca860f42c60b486ae/master/pass/Science-LabGrownMeat_SS2768304.jpg,,,,,,
https://sa.kapamilya.com/absnews/abscbnnews/media/2019/news/07/30/meat.jpg,,,,,,
http://www.ox.ac.uk/sites/files/oxford/styles/ow_medium_feature/public/field/field_image_main/shutterstock_1069860719.jpg?itok=SwKO3IiZ,,,,,,
https://5.imimg.com/data5/XM/PP/MY-44080452/country-chicken-meat-500x500.jpg,,,,,,
https://uncleg.com/wp-content/uploads/2018/08/butcher-shop.jpg,,,,,,
https://static.themoscowtimes.com/image/1360/32/steak-2936531_1280.jpg,,,,,,
https://prods3.imgix.net/images/articles/2016_07/Feature-Meat-Steaks-Tender-Baking-Soda-Raw-.jpg?auto=format%2Ccompress&dpr=2.63&ixjsv=2.2.3&q=38&w=370,,,,,,
https://www.organicfacts.net/wp-content/uploads/typesofmeats-1.jpg,,,,,,
https://images.glaciermedia.ca/polopoly_fs/1.23931402.1567114182!/fileImage/httpImage/image.jpg_gen/derivatives/landscape_804/amron-s-gourmet-meats.jpg,,,,,,
https://www.beyondmeat.com/wp-content/uploads/beyond_beef_1-1.png,,,,,,
https://www.telegraph.co.uk/content/dam/Food%20and%20drink/scotchbeef/qms-beef-joint.jpg?imwidth=450,,,,,,
https://i2-prod.mirror.co.uk/incoming/article16218102.ece/ALTERNATES/s615/0_Screen-Shot-2019-05-29-at-094529.png,,,,,,
https://cdnph.upi.com/svc/sv/upi_com/6531555527656/2019/1/f089d5420b6a7d7b13c47dcedcfa53f2/Moderate-consumption-of-red-meat-increases-bowel-cancer-risk.jpg,,,,,,
https://freshmeat.pk/wp-content/uploads/2019/05/Fresh-Meat-MUTTON-WHOLE-CARCASS.jpg,,,,,,
https://www.verywellhealth.com/thmb/EL4GqZ_Jw1d5gRX1BK03Al6Sws8=/768x0/filters:no_upscale():max_bytes(150000):strip_icc()/GettyImages-531560048-1f7d76dce6b64890aa0295ba72ed5eaa.jpg,,,,,,
https://www.ctvnews.ca/polopoly_fs/1.4603327.1569016124!/image/image.jpg_gen/derivatives/landscape_620/image.jpg,,,,,,
https://thenypost.files.wordpress.com/2018/08/shutterstock_188636024.jpg?quality=90&strip=all&w=618&h=410&crop=1,,,,,,
https://twt-thumbs.washtimes.com/media/image/2019/09/24/SAXoPicture-06F156C4-29600822_c0-155-512-453_s885x516.jpg?109f186b6002946f880961da86871f6bdbf61ba9,,,,,,
https://i.ytimg.com/vi/uUEdyeHTtTo/maxresdefault.jpg,,,,,,
https://i.guim.co.uk/img/media/587c284e4b1bee64c9fe31b36184c23a013b8282/0_37_5220_3132/master/5220.jpg?width=1200&height=630&quality=85&auto=format&fit=crop&overlay-align=bottom%2Cleft&overlay-width=100p&overlay-base64=L2ltZy9zdGF0aWMvb3ZlcmxheXMvdGctZGVmYXVsdC5wbmc&enable=upscale&s=62f54c4a61d4117fd70c95d161d87639,,,,,,
https://alanelliotbutchers.co.uk/wp-content/uploads/2017/09/about-Alan-elliot-butchers.jpg,,,,,,
https://cdn.vox-cdn.com/thumbor/XKjFjoVwxyGsnl8P8UMp4mg_KWw=/0x0:1920x1200/1200x800/filters:focal(807x447:1113x753)/cdn.vox-cdn.com/uploads/chorus_image/image/63644653/impossible.0.jpg,,,,,,
https://images.squarespace-cdn.com/content/v1/5bf8735db40b9d1a541b2e4c/1543837643972-6S8Q2TA8MEAUGYZRU7A5/ke17ZwdGBToddI8pDm48kCpX2mwG9slVUzQCwhOMrQF7gQa3H78H3Y0txjaiv_0fDoOvxcdMmMKkDsyUqMSsMWxHk725yiiHCCLfrh8O1z5QPOohDIaIeljMHgDF5CVlOqpeNLcJ80NK65_fV7S1UVDXM9yQ8sG6x3COIEUaadqpk9XPubC0H4MH9Az_c7nPqIjSxZ2rgD2_Fw9U6DWfsg/Beef+-+Cut-Filet-+for+Meat+Love+Butcher+weboptimezed.jpg?format=2500w,,,,,,
https://www.stittsworthmeats.com/wp-content/uploads/2017/08/cutout-1-NEW.png,,,,,,
https://assets.bwbx.io/images/users/iqjWHBFdfxIU/iUPQ5yBygvlA/v0/1000x-1.jpg,,,,,,
https://www.gannett-cdn.com/presto/2019/09/24/PPOU/5fb16895-f131-47e4-90ff-c923cab6b793-Eye-Round-2018-06-Applestone-Raw-JenMayPhoto-122451_copy.jpg?width=540&height=&fit=bounds&auto=webp,,,,,,
https://s3.amazonaws.com/cdn.reids.com/images/staticpage/meat-department1.jpg,,,,,,
https://thenewdaily.com.au/wp-content/uploads/2019/09/1567668375-Veggies_Meat.jpg,,,,,,
https://www.costco.co.uk/medias/sys_master/images/h57/h2a/15255855431710.jpg,,,,,,
https://applestonemeat.com/wp-content/uploads/2016/12/Applestone-Raw-Meat-JMay-069-LR.jpg,,,,,,
https://blog.csiro.au/wp-content/uploads/2016/03/6688989961_3a74da45ed_b.jpg,,,,,,
https://www.newhope.com/sites/newhope360.com/files/styles/article_featured_retina/public/meat.png?itok=78itS7f-,,,,,,
https://www.diabetes.org.uk/resources-s3/migration/redmeat.jpg,,,,,,
https://2k9bc93shxit2dn8sp21nwtz-wpengine.netdna-ssl.com/wp-content/uploads/sites/13/2019/08/meat_G_997244684-860x573.jpg,,,,,,
https://uploads-ssl.webflow.com/5c7da11f03dd897c90e6ef71/5c7da11f03dd89f31ee6f084_raw-meat-600x330.png,,,,,,
https://cdn.images.express.co.uk/img/dynamic/11/590x/redmeat-1162874.jpg?r=1565188968262,,,,,,
https://cdn.pixabay.com/photo/2017/03/23/19/57/asparagus-2169305_960_720.jpg,,,,,,
https://everydaymeat.com/wp-content/uploads/2019/03/order-premium-meat-hyderabad-banner-1400x438.jpg?b3fdf3&b3fdf3,,,,,,
https://www.farmersweekly.co.za/app/uploads/2017/12/Rabbit-meat-Farming.jpg,,,,,,
https://cdn.shopify.com/s/files/1/0818/5843/products/All-Meat-web.jpg?v=1538695813,,,,,,
https://media.my9nj.com/media.my9nj.com/photo/2019/07/19/getty_meatfileimage_071819_1563562036232_7535338_ver1.0_1280_720.jpg,,,,,,
https://melmagazine.com/wp-content/uploads/2019/06/Frozen_Meat.jpg,,,,,,
https://static.independent.co.uk/s3fs-public/thumbnails/image/2018/08/29/15/red-meat-cheese-heart-health.jpg?w968h681,,,,,,
https://cdn0.wideopeneats.com/wp-content/uploads/2017/10/defrost-meat-720x405.png,,,,,,
https://www.businessgreen.com/w-images/ba3e41fc-7e2c-476c-81fd-0d336f58578d/3/Creditgilaxia-580x358.jpg,,,,,,
https://www.vivahealth.org.uk/sites/default/files/butchers%20counter%20crop.jpg,,,,,,
https://i.guim.co.uk/img/media/382588bbe417d05aefe5fbab1f12ce66d6882329/0_138_4287_2572/master/4287.jpg?width=1200&height=630&quality=85&auto=format&fit=crop&overlay-align=bottom%2Cleft&overlay-width=100p&overlay-base64=L2ltZy9zdGF0aWMvb3ZlcmxheXMvdGctZGVmYXVsdC5wbmc&enable=upscale&s=6cab61618bda0d0f5f4576eab3c67a71,,,,,,
https://meatlondon.co.uk/wp-content/themes/meat/images/n16-2.jpg,,,,,,
https://c.ndtvimg.com/lncmd64o_red-meat_625x300_07_August_18.jpg,,,,,,
https://ichef.bbci.co.uk/news/660/cpsprodpb/090F/production/_87091320_thinkstockphotos-497009866.jpg,,,,,,
https://smithsdirect.co.uk/image/cache/catalog/product/family-meat-pack-550x550.jpg,,,,,,
https://i.dailymail.co.uk/i/pix/2015/08/11/21/2B47E70C00000578-0-image-a-6_1439324701041.jpg,,,,,,
https://www.meat-online.co.za/wp-content/uploads/2016/07/0357LEAN-MINCE-1Kg-600x401.jpg,,,,,,
https://meatforce.ca/wp-content/uploads/2018/04/cropped-meatforce-favicon.png,,,,,,
https://i2.wp.com/metro.co.uk/wp-content/uploads/2019/06/PRI_70193614.jpg?quality=90&strip=all&zoom=1&resize=540%2C540&ssl=1,,,,,,
https://jooinn.com/images/meat-1.jpg,,,,,,
https://2rt9loawzcmbvlze40mhj9n0-wpengine.netdna-ssl.com/wp-content/uploads/2019/05/meat2.jpg,,,,,,
https://i2-prod.dailystar.co.uk/incoming/article19219673.ece/ALTERNATES/s615b/meat-causes-cancer-tumours-668030,,,,,,
https://thumbor.forbes.com/thumbor/1280x868/https%3A%2F%2Fspecials-images.forbesimg.com%2Fimageserve%2F1079273368%2F960x0.jpg,,,,,,
https://www.pcrm.org/sites/default/files/2019-09/Meat_Stroke_Risk_Hrz.jpg,,,,,,
https://media.phillyvoice.com/media/images/red_meat_american_diet.2e16d0ba.fill-735x490.jpg,,,,,,
https://www.genengnews.com/wp-content/uploads/2019/09/Sept24_2019_GettyImages_Marinating-Meat.jpg,,,,,,
https://2yw6hl18xgcx2ovds7nmmeug-wpengine.netdna-ssl.com/wp-content/uploads/2019/03/15958259_web1_190320-SAA-Kangaroo-Meat.jpg,,,,,,
